date,reason
2000-10-29,no source file
2000-10-30,no source file
2000-10-31,no source file
2000-11-01,no source file
2000-11-02,no source file
2000-11-03,no source file
2000-11-04,no source file
2000-11-05,no source file
2000-11-06,no source file
2000-11-07,no source file
2000-11-08,no source file
2000-11-09,no source file
2000-11-10,no source file
2000-11-11,no source file
2000-11-12,no source file
2000-11-13,no source file
2000-11-14,no source file
2000-11-15,no source file
2000-11-16,no source file
2000-11-17,no source file
2000-11-18,no source file
2000-11-19,no source file
2000-11-20,no source file
2000-11-21,no source file
2000-11-22,no source file
2000-11-23,no source file
2000-11-24,no source file
2000-11-25,no source file
2000-11-26,no source file
2000-11-27,no source file
2000-11-28,no source file
2000-11-29,no source file
2000-11-30,no source file
2000-12-01,no source file
2000-12-02,no source file
2000-12-03,no source file
2000-12-04,no source file
2000-12-05,no source file
2000-12-06,no source file
2000-12-07,no source file
2000-12-08,no source file
2000-12-09,no source file
2000-12-10,no source file
2000-12-11,no source file
2000-12-12,no source file
2000-12-13,no source file
2000-12-14,no source file
2000-12-15,no source file
2000-12-16,no source file
2000-12-17,no source file
2000-12-18,no source file
2000-12-19,no source file
2000-12-20,no source file
2000-12-21,no source file
2000-12-22,no source file
2000-12-23,no source file
2000-12-24,no source file
2000-12-25,no source file
2000-12-26,no source file
2000-12-27,no source file
2000-12-28,no source file
2000-12-29,no source file
2000-12-30,no source file
2000-12-31,no source file
2001-01-01,no source file
2001-01-02,no source file
2001-01-03,no source file
2001-01-04,no source file
2001-01-05,no source file
2001-01-06,no source file
2001-01-07,no source file
2001-01-08,no source file
2001-01-09,no source file
2001-01-10,no source file
2001-01-11,no source file
2001-01-12,no source file
2001-01-13,no source file
2001-01-14,no source file
2001-01-15,no source file
2001-01-16,no source file
2001-01-17,no source file
2001-01-18,no source file
2001-01-19,no source file
2001-01-20,no source file
2001-01-21,no source file
2001-01-22,no source file
2001-01-23,no source file
2001-01-24,no source file
2001-01-25,no source file
2001-01-26,no source file
2001-01-27,no source file
2001-01-28,no source file
2001-01-29,no source file
2001-01-30,no source file
2001-01-31,no source file
2001-02-01,no source file
2001-02-02,no source file
2001-02-03,no source file
2001-02-04,no source file
2001-02-05,no source file
2001-02-06,no source file
2001-02-07,no source file
2001-02-08,no source file
2001-02-09,no source file
2001-02-10,no source file
2001-02-11,no source file
2001-02-12,no source file
2001-02-13,no source file
2001-02-14,no source file
2001-02-15,no source file
2001-02-16,no source file
2001-02-17,no source file
2001-02-18,no source file
2001-02-19,no source file
2001-02-20,no source file
2001-02-21,no source file
2001-02-22,no source file
2001-02-23,no source file
2001-02-24,no source file
2001-02-25,no source file
2001-02-26,no source file
2001-02-27,no source file
2001-02-28,no source file
2001-03-01,no source file
2001-03-02,no source file
2001-03-03,no source file
2001-03-04,no source file
2001-03-05,no source file
2001-03-06,no source file
2001-03-07,no source file
2001-03-08,no source file
2001-03-09,no source file
2001-03-10,no source file
2001-03-11,no source file
2001-03-12,no source file
2001-03-13,no source file
2001-03-14,no source file
2001-03-15,no source file
2001-03-16,no source file
2001-03-17,no source file
2001-03-18,no source file
2001-03-19,no source file
2001-03-20,no source file
2001-03-21,no source file
2001-03-22,no source file
2001-03-23,no source file
2001-03-24,no source file
2001-03-25,no source file
2001-03-26,no source file
2001-03-27,no source file
2001-03-28,no source file
2001-03-29,no source file
2001-03-30,no source file
2001-03-31,no source file
2001-04-01,no source file
2001-04-02,no source file
2001-04-03,no source file
2001-04-04,no source file
2001-04-05,no source file
2001-04-06,no source file
2001-04-07,no source file
2001-04-08,no source file
2001-04-09,no source file
2001-04-10,no source file
2001-04-11,no source file
2001-04-12,no source file
2001-04-13,no source file
2001-04-14,no source file
2001-04-15,no source file
2001-04-16,no source file
2001-04-17,no source file
2001-04-18,no source file
2001-04-19,no source file
2001-04-20,no source file
2001-04-21,no source file
2001-04-22,no source file
2001-04-23,no source file
2001-04-24,no source file
2001-04-25,no source file
2001-04-26,no source file
2001-04-27,no source file
2001-04-28,no source file
2001-04-29,no source file
2001-04-30,no source file
2001-05-01,no source file
2001-05-02,no source file
2001-05-03,no source file
2001-05-04,no source file
2001-05-05,no source file
2001-05-06,no source file
2001-05-07,no source file
2001-05-08,no source file
2001-05-09,no source file
2001-05-10,no source file
2001-05-11,no source file
2001-05-12,no source file
2001-05-13,no source file
2001-05-14,no source file
2001-05-15,no source file
2001-05-16,no source file
2001-05-17,no source file
2001-05-18,no source file
2001-05-19,no source file
2001-05-20,no source file
2001-05-21,no source file
2001-05-22,no source file
2001-05-23,no source file
2001-05-24,no source file
2001-05-25,no source file
2001-05-26,no source file
2001-05-27,no source file
2001-05-28,no source file
2001-05-29,no source file
2001-05-30,no source file
2001-05-31,no source file
2001-06-01,no source file
2001-06-02,no source file
2001-06-03,no source file
2001-06-04,no source file
2001-06-05,no source file
2001-06-06,no source file
2001-06-07,no source file
2001-06-08,no source file
2001-06-09,no source file
2001-06-10,no source file
2001-06-11,no source file
2001-06-12,no source file
2001-06-13,no source file
2001-06-14,no source file
2001-06-15,no source file
2001-06-16,no source file
2001-06-17,no source file
2001-06-18,no source file
2001-06-19,no source file
2001-06-20,no source file
2001-06-21,no source file
2001-06-22,no source file
2001-06-23,no source file
2001-06-24,no source file
2001-06-25,no source file
2001-06-26,no source file
2001-06-27,no source file
2001-06-28,no source file
2001-06-29,no source file
2001-06-30,no source file
2001-07-01,no source file
2001-07-02,no source file
2001-07-03,no source file
2001-07-04,no source file
2001-07-05,no source file
2001-07-06,no source file
2001-07-07,no source file
2001-07-08,no source file
2001-07-09,no source file
2001-07-10,no source file
2001-07-11,no source file
2001-07-12,no source file
2001-07-13,no source file
2001-07-14,no source file
2001-07-15,no source file
2001-07-16,no source file
2001-07-17,no source file
2001-07-18,no source file
2001-07-19,no source file
2001-07-20,no source file
2001-07-21,no source file
2001-07-22,no source file
2001-07-23,no source file
2001-07-24,no source file
2001-07-25,no source file
2001-07-26,no source file
2001-07-27,no source file
2001-07-28,no source file
2001-07-29,no source file
2001-07-30,no source file
2001-07-31,no source file
2001-08-01,no source file
2001-08-02,no source file
2001-08-03,no source file
2001-08-04,no source file
2001-08-05,no source file
2001-08-06,no source file
2001-08-07,no source file
2001-08-08,no source file
2001-08-09,no source file
2001-08-10,no source file
2001-08-11,no source file
2001-08-12,no source file
2001-08-13,no source file
2001-08-14,no source file
2001-08-15,no source file
2001-08-16,no source file
2001-08-17,no source file
2001-08-18,no source file
2001-08-19,no source file
2001-08-20,no source file
2001-08-21,no source file
2001-08-22,no source file
2001-08-23,no source file
2001-08-24,no source file
2001-08-25,no source file
2001-08-26,no source file
2001-08-27,no source file
2001-08-28,no source file
2001-08-29,no source file
2001-08-30,no source file
2001-08-31,no source file
2001-09-01,no source file
2001-09-02,no source file
2001-09-03,no source file
2001-09-04,no source file
2001-09-05,no source file
2001-09-06,no source file
2001-09-07,no source file
2001-09-08,no source file
2001-09-09,no source file
2001-09-10,no source file
2001-09-11,no source file
2001-09-12,no source file
2001-09-13,no source file
2001-09-14,no source file
2001-09-15,no source file
2001-09-16,no source file
2001-09-17,no source file
2001-09-18,no source file
2001-09-19,no source file
2001-09-20,no source file
2001-09-21,no source file
2001-09-22,no source file
2001-09-23,no source file
2001-09-24,no source file
2001-09-25,no source file
2001-09-26,no source file
2001-09-27,no source file
2001-09-28,no source file
2001-09-29,no source file
2001-09-30,no source file
2001-10-01,no source file
2001-10-02,no source file
2001-10-03,no source file
2001-10-04,no source file
2001-10-05,no source file
2001-10-06,no source file
2001-10-07,no source file
2001-10-08,no source file
2001-10-09,no source file
2001-10-10,no source file
2001-10-11,no source file
2001-10-12,no source file
2001-10-13,no source file
2001-10-14,no source file
2001-10-15,no source file
2001-10-16,no source file
2001-10-17,no source file
2001-10-18,no source file
2001-10-19,no source file
2001-10-20,no source file
2001-10-21,no source file
2001-10-22,no source file
2001-10-23,no source file
2001-10-24,no source file
2001-10-25,no source file
2001-10-26,no source file
2001-10-27,no source file
2001-10-28,no source file
2001-10-29,no source file
2001-10-30,no source file
2001-10-31,no source file
2001-11-01,no source file
2001-11-02,no source file
2001-11-03,no source file
2001-11-04,no source file
2001-11-05,no source file
2001-11-06,no source file
2001-11-07,no source file
2001-11-08,no source file
2001-11-09,no source file
2001-11-10,no source file
2001-11-11,no source file
2001-11-12,no source file
2001-11-13,no source file
2001-11-14,no source file
2001-11-15,no source file
2001-11-16,no source file
2001-11-17,no source file
2001-11-18,no source file
2001-11-19,no source file
2001-11-20,no source file
2001-11-21,no source file
2001-11-22,no source file
2001-11-23,no source file
2001-11-24,no source file
2001-11-25,no source file
2001-11-26,no source file
2001-11-27,no source file
2001-11-28,no source file
2001-11-29,no source file
2001-11-30,no source file
2001-12-01,no source file
2001-12-02,no source file
2001-12-03,no source file
2001-12-04,no source file
2001-12-05,no source file
2001-12-06,no source file
2001-12-07,no source file
2001-12-08,no source file
2001-12-09,no source file
2001-12-10,no source file
2001-12-11,no source file
2001-12-12,no source file
2001-12-13,no source file
2001-12-14,no source file
2001-12-15,no source file
2001-12-16,no source file
2001-12-17,no source file
2001-12-18,no source file
2001-12-19,no source file
2001-12-20,no source file
2001-12-21,no source file
2001-12-22,no source file
2001-12-23,no source file
2001-12-24,no source file
2001-12-25,no source file
2001-12-26,no source file
2001-12-27,no source file
2001-12-28,no source file
2001-12-29,no source file
2001-12-30,no source file
2001-12-31,no source file
2002-01-01,no source file
2002-01-02,no source file
2002-01-03,no source file
2002-01-04,no source file
2002-01-05,no source file
2002-01-06,no source file
2002-01-07,no source file
2002-01-08,no source file
2002-01-09,no source file
2002-01-10,no source file
2002-01-11,no source file
2002-01-12,no source file
2002-01-13,no source file
2002-01-14,no source file
2002-01-15,no source file
2002-01-16,no source file
2002-01-17,no source file
2002-01-18,no source file
2002-01-19,no source file
2002-01-20,no source file
2002-01-21,no source file
2002-01-22,no source file
2002-01-23,no source file
2002-01-24,no source file
2002-01-25,no source file
2002-01-26,no source file
2002-01-27,no source file
2002-01-28,no source file
2002-01-29,no source file
2002-01-30,no source file
2002-01-31,no source file
2002-02-01,no source file
2002-02-02,no source file
2002-02-03,no source file
2002-02-04,no source file
2002-02-05,no source file
2002-02-06,no source file
2002-02-07,no source file
2002-02-08,no source file
2002-02-09,no source file
2002-02-10,no source file
2002-02-11,no source file
2002-02-12,no source file
2002-02-13,no source file
2002-02-14,no source file
2002-02-15,no source file
2002-02-16,no source file
2002-02-17,no source file
2002-02-18,no source file
2002-02-19,no source file
2002-02-20,no source file
2002-02-21,no source file
2002-02-22,no source file
2002-02-23,no source file
2002-02-24,no source file
2002-02-25,no source file
2002-02-26,no source file
2002-02-27,no source file
2002-02-28,no source file
2002-03-01,no source file
2002-03-02,no source file
2002-03-03,no source file
2002-03-04,no source file
2002-03-05,no source file
2002-03-06,no source file
2002-03-07,no source file
2002-03-08,no source file
2002-03-09,no source file
2002-03-10,no source file
2002-03-11,no source file
2002-03-12,no source file
2002-03-13,no source file
2002-03-14,no source file
2002-03-15,no source file
2002-03-16,no source file
2002-03-17,no source file
2002-03-18,no source file
2002-03-19,no source file
2002-03-20,no source file
2002-03-21,no source file
2002-03-22,no source file
2002-03-23,no source file
2002-03-24,no source file
2002-03-25,no source file
2002-03-26,no source file
2002-03-27,no source file
2002-03-28,no source file
2002-03-29,no source file
2002-03-30,no source file
2002-03-31,no source file
2002-04-01,no source file
2002-04-02,no source file
2002-04-03,no source file
2002-04-04,no source file
2002-04-05,no source file
2002-04-06,no source file
2002-04-07,no source file
2002-04-08,no source file
2002-04-09,no source file
2002-04-10,no source file
2002-04-11,no source file
2002-04-12,no source file
2002-04-13,no source file
2002-04-14,no source file
2002-04-15,no source file
2002-04-16,no source file
2002-04-17,no source file
2002-04-18,no source file
2002-04-19,no source file
2002-04-20,no source file
2002-04-21,no source file
2002-04-22,no source file
2002-04-23,no source file
2002-04-24,no source file
2002-04-25,no source file
2002-04-26,no source file
2002-04-27,no source file
2002-04-28,no source file
2002-04-29,no source file
2002-04-30,no source file
2002-05-01,no source file
2002-05-02,no source file
2002-05-03,no source file
2002-05-04,no source file
2002-05-05,no source file
2002-05-06,no source file
2002-05-07,no source file
2002-05-08,no source file
2002-05-09,no source file
2002-05-10,no source file
2002-05-11,no source file
2002-12-29,no source file
2003-02-04,no source file
2003-02-13,no source file
2003-10-28,no source file
2004-05-01,no source file
2004-07-23,no source file
2004-08-05,no source file
2004-08-22,no source file
2004-09-04,no source file
2004-09-05,no source file
2004-09-06,no source file
2004-09-07,no source file
2004-09-12,no source file
2004-10-10,no source file
2004-10-28,no source file
2004-12-07,no source file
2004-12-13,no source file
2005-07-08,no source file
2005-10-09,no source file
2006-09-09,no source file
2006-10-01,no source file
2006-10-02,no source file
2006-10-03,no source file
2006-10-04,no source file
2006-11-02,no source file
2007-06-25,no source file
2007-08-24,no source file
2007-09-02,no source file
2007-12-02,no source file
2007-12-03,no source file
2007-12-07,no source file
2007-12-28,no source file
2008-01-06,no source file
2008-02-04,no source file
2010-03-25,no source file
2010-08-12,no source file
2010-09-06,no source file
2011-09-10,no source file
2011-09-11,no source file
2011-09-17,no source file
2013-05-19,no source file
2013-05-20,no source file
2013-05-21,no source file
2013-05-22,no source file
2017-08-10,no source file
2017-09-25,no source file
2017-10-09,no source file
2018-07-28,no source file
2018-08-02,no source file
2018-08-03,no source file
2018-08-04,no source file
2018-08-05,no source file
2018-08-06,no source file
2018-08-07,no source file
2018-08-08,no source file
2018-08-22,no source file
2018-09-05,no source file
2018-09-29,no source file
2018-10-21,no source file
2018-11-18,no source file
2018-12-27,no source file
2019-01-10,no source file
2019-01-16,no source file
2019-02-01,no source file
2019-02-04,no source file
2019-02-13,no source file
2019-02-23,no source file
2019-02-25,no source file
2019-02-27,no source file
2019-03-04,no source file
2019-03-05,no source file
2019-03-06,no source file
2019-03-10,no source file
2019-03-26,no source file
2019-04-12,no source file
2019-04-29,no source file
2019-05-24,no source file
2019-05-26,no source file
2019-07-04,no source file
2019-07-05,no source file
2019-10-20,no source file
2019-10-30,no source file
2019-11-13,no source file
2019-12-06,no source file
2020-01-05,no source file
2020-03-26,no source file
2020-04-08,no source file
2020-04-13,no source file
2020-04-23,no source file
2020-04-24,no source file
2020-06-20,no source file
2020-07-03,no source file
2020-07-05,no source file
2020-09-07,no source file
2020-11-04,no source file
2020-11-12,no source file
2020-12-09,no source file
2020-12-11,no source file
2020-12-19,no source file
2021-01-29,no source file
2021-01-30,no source file
2021-01-31,no source file
2021-02-04,no source file
2021-02-08,no source file
2021-02-09,no source file
2021-02-14,no source file
2021-03-01,no source file
2021-03-02,no source file
2021-03-18,no source file
2021-03-23,no source file
2021-03-27,no source file
2021-03-28,no source file
2021-03-29,no source file
2021-04-03,no source file
2021-04-04,no source file
2021-04-05,no source file
2021-04-13,no source file
2021-04-24,no source file
2021-04-27,no source file
2021-04-29,no source file
2021-05-05,no source file
2021-05-22,no source file
2021-05-24,no source file
2021-05-31,no source file
2021-06-10,no source file
2021-06-11,no source file
2021-06-13,no source file
2021-06-15,no source file
2021-06-18,no source file
2021-07-04,no source file
2021-07-08,no source file
2021-07-09,no source file
2021-07-13,no source file
2021-07-18,no source file
2021-07-21,no source file
2021-07-22,no source file
2021-07-26,no source file
2021-08-08,no source file
2021-10-04,no source file
2021-10-05,no source file
2021-10-15,no source file
2021-11-10,no source file
2021-11-26,no source file
2021-12-08,no source file
2022-01-02,no source file
2022-01-11,no source file
2022-01-18,no source file
2022-02-18,no source file
2022-02-25,no source file
2022-02-26,no source file
2022-03-06,no source file
2022-03-11,no source file
2022-03-13,no source file
2022-05-05,no source file
2022-05-27,no source file
2022-05-29,no source file
2022-06-05,no source file
2022-06-17,no source file
2022-07-01,no source file
2022-07-05,no source file
2022-07-12,no source file
2022-07-20,no source file
2022-07-22,no source file
2022-07-25,no source file
2022-07-27,no source file
2022-08-02,no source file
2022-08-17,no source file
2022-08-18,no source file
2022-08-22,no source file
2022-08-24,no source file
2022-08-28,no source file
2022-08-29,no source file
2022-09-07,no source file
2022-09-19,no source file
2022-10-11,no source file
2022-10-12,no source file
2022-11-02,no source file
2022-12-04,no source file
2022-12-05,no source file
2022-12-06,no source file
2022-12-13,no source file
2022-12-15,no source file
2022-12-19,no source file
2022-12-20,no source file
2022-12-21,no source file
2022-12-24,no source file
2022-12-25,no source file
2023-01-01,no source file
2023-01-02,no source file
2023-01-08,no source file
2023-01-09,no source file
2023-01-10,no source file
2023-01-18,no source file
2023-01-22,no source file
2023-01-24,no source file
2023-01-28,no source file
2023-01-29,no source file
2023-02-01,no source file
2023-02-02,no source file
2023-02-05,no source file
2023-02-10,no source file
2023-02-18,no source file
2023-02-24,no source file
2023-02-25,no source file
2023-02-26,no source file
2023-03-05,no source file
2023-03-09,no source file
2023-03-10,no source file
2023-03-13,no source file
2023-03-27,no source file
2023-04-06,no source file
2023-04-11,no source file
2023-04-14,no source file
2023-04-23,no source file
2023-04-25,no source file
2023-05-04,no source file
2023-05-08,no source file
2023-05-09,no source file
2023-05-16,no source file
2023-05-17,no source file
2023-05-30,no source file
2023-05-31,no source file
2023-06-05,no source file
2023-06-06,no source file
2023-06-08,no source file
2023-06-11,no source file
2023-06-13,no source file
2023-06-14,no source file
2023-06-16,no source file
2023-06-18,no source file
2023-06-22,no source file
2023-06-24,no source file
2023-06-25,no source file
2023-06-26,no source file
2023-06-27,no source file
2023-07-03,no source file
2023-07-04,no source file
2023-07-06,no source file
2023-07-08,no source file
2023-07-13,no source file
2023-07-19,no source file
2023-07-31,no source file
2023-08-01,no source file
2023-08-09,no source file
2023-08-21,no source file
2023-08-22,no source file
2023-08-31,no source file
2023-09-04,no source file
2023-09-05,no source file
2023-09-06,no source file
2023-09-07,no source file
2023-09-08,no source file
2023-09-11,no source file
2023-09-13,no source file
2023-09-14,no source file
2023-09-16,no source file
2023-09-20,no source file
2023-09-21,no source file
2023-09-22,no source file
2023-09-23,no source file
2023-09-25,no source file
2023-09-26,no source file
2023-09-27,no source file
2023-10-06,no source file
2023-10-11,no source file
2023-10-12,no source file
2023-10-17,no source file
2023-10-19,no source file
2023-10-25,no source file
2023-10-26,no source file
2023-10-30,no source file
2023-10-31,no source file
2023-11-01,no source file
2023-11-02,no source file
2023-11-06,no source file
2023-11-07,no source file
2023-11-09,no source file
2023-11-23,no source file
2023-11-25,no source file
2023-11-27,no source file
2023-12-04,no source file
2023-12-05,no source file
2023-12-06,no source file
2023-12-07,no source file
2023-12-10,no source file
2023-12-11,no source file
2023-12-12,no source file
2023-12-16,no source file
2023-12-20,no source file
2023-12-21,no source file
2023-12-23,no source file
2023-12-24,no source file
2024-01-01,no source file
2024-01-03,no source file
2024-01-10,no source file
2024-01-11,no source file
2024-01-14,no source file
2024-01-16,no source file
2024-01-17,no source file
2024-01-18,no source file
2024-01-23,no source file
2024-01-24,no source file
2024-01-31,no source file
2024-02-07,no source file
2024-02-13,no source file
2024-02-18,no source file
2024-02-24,no source file
2024-02-26,no source file
2024-02-27,no source file
2024-02-29,no source file
2024-03-05,no source file
2024-03-11,no source file
2024-03-14,no source file
2024-03-15,no source file
2024-03-18,no source file
2024-03-28,no source file
2024-04-04,no source file
2024-04-05,no source file
2024-04-06,no source file
2024-04-09,no source file
2024-04-10,no source file
2024-04-15,no source file
2024-04-18,no source file
2024-04-22,no source file
2024-04-23,no source file
2024-04-29,no source file
2024-04-30,no source file
2024-05-02,no source file
2024-05-03,no source file
2024-05-07,no source file
2024-05-08,no source file
2024-05-09,no source file
2024-05-13,no source file
2024-05-14,no source file
2024-05-17,no source file
2024-05-18,no source file
2024-05-19,no source file
2024-05-21,no source file
2024-05-22,no source file
2024-05-23,no source file
2024-05-24,no source file
2024-05-25,no source file
2024-05-26,no source file
2024-05-27,no source file
2024-05-29,no source file
2024-06-08,no source file
2024-06-12,no source file
2024-06-17,no source file
2024-06-21,no source file
2024-07-05,no source file
2024-07-06,no source file
2024-07-09,no source file
2024-07-12,no source file
2024-07-14,no source file
2024-07-17,no source file
2024-07-23,no source file
2024-07-26,no source file
2024-07-27,no source file
2024-07-31,no source file
2024-08-01,no source file
2024-08-02,no source file
2024-08-03,no source file
2024-08-04,no source file
2024-08-08,no source file
2024-08-10,no source file
2024-08-16,no source file
2024-08-17,no source file
2024-08-18,no source file
2024-08-28,no source file
2024-08-31,no source file
2024-09-01,no source file
2024-09-02,no source file
2024-09-03,no source file
2024-09-09,no source file
2024-09-24,no source file
2024-09-27,no source file
2024-09-28,no source file
2024-09-30,no source file
2024-10-01,no source file
2024-10-02,no source file
2024-10-08,no source file
2024-10-10,no source file
2024-10-16,no source file
2024-10-17,no source file
2024-10-23,no source file
2024-10-24,no source file
2024-10-25,no source file
2024-10-26,no source file
2024-10-29,no source file
2024-10-30,no source file
2024-10-31,no source file
2024-11-11,no source file
2024-11-12,no source file
2024-11-17,no source file
2024-11-19,no source file
2024-11-20,no source file
2024-11-21,no source file
2024-11-23,no source file
2024-11-25,no source file
2024-11-26,no source file
2024-11-29,no source file
2024-12-01,no source file
2024-12-02,no source file
2024-12-05,no source file
2024-12-06,no source file
2024-12-07,no source file
2024-12-08,no source file
2024-12-09,no source file
2024-12-10,no source file
2024-12-11,no source file
2024-12-13,no source file
2024-12-14,no source file
2024-12-16,no source file
2024-12-17,no source file
2024-12-18,no source file
2024-12-19,no source file
2024-12-21,no source file
2024-12-22,no source file
2024-12-26,no source file
2024-12-30,no source file
2025-01-03,no source file
2025-01-06,no source file
2025-01-12,no source file
2025-01-13,no source file
2025-01-14,no source file
2025-01-15,no source file
2025-01-20,no source file
2025-01-29,no source file
2025-02-06,no source file
2025-02-07,no source file
2025-02-09,no source file
2025-02-12,no source file
2025-02-13,no source file
2025-02-15,no source file
2025-02-17,no source file
2025-02-18,no source file
2025-02-22,no source file
2025-03-10,no source file
2025-03-11,no source file
2025-03-14,no source file
2025-03-17,no source file
2025-03-20,no source file
2025-03-21,no source file
2025-03-22,no source file
2025-03-23,no source file
2025-03-27,no source file
2025-03-28,no source file
2025-03-30,no source file
2025-03-31,no source file
2025-04-02,no source file
2025-04-05,no source file
2025-04-07,no source file
2025-04-08,no source file
2025-04-09,no source file
2025-04-10,no source file
2025-04-11,no source file
2025-04-12,no source file
2025-04-14,no source file
2025-04-15,no source file
2025-04-16,no source file
2025-04-18,no source file
2025-04-20,no source file
2025-04-21,no source file
2025-04-22,no source file
2025-04-24,no source file
2025-04-26,no source file
2025-04-28,no source file
2025-04-29,no source file
2025-04-30,no source file
2025-05-01,no source file
2025-05-05,no source file
2025-05-09,no source file
2025-05-10,no source file
2025-05-12,no source file
2025-05-13,no source file
2025-05-14,no source file
2025-05-16,no source file
2025-05-17,no source file
2025-05-19,no source file
2025-05-20,no source file
2025-05-23,no source file
2025-05-24,no source file
2025-05-25,no source file
2025-05-26,no source file
2025-05-27,no source file
2025-06-03,no source file
2025-06-05,no source file
2025-06-08,no source file
2025-06-10,no source file
2025-06-20,no source file
2025-06-25,no source file
2025-06-26,no source file
2025-06-27,no source file
2025-06-28,no source file
2025-06-29,no source file
2025-06-30,no source file
2025-07-02,no source file
2025-07-04,no source file
2025-07-09,no source file
2025-07-10,no source file
2025-07-13,no source file
2025-07-16,no source file
2025-07-18,no source file
2025-07-19,no source file
2025-07-23,no source file
2025-07-25,no source file
2025-07-26,no source file
2025-07-31,no source file
2025-08-02,no source file
2025-08-04,no source file
2025-08-05,no source file
2025-08-07,no source file
2025-08-08,no source file
2025-08-10,no source file
2025-08-11,no source file
2025-08-12,no source file
2025-08-13,no source file
2025-08-15,no source file
2025-08-17,no source file
2025-08-18,no source file
2025-08-19,no source file
2025-08-23,no source file
2025-08-24,no source file
2025-08-26,no source file
2025-08-27,no source file
2025-08-28,no source file
2025-09-01,no source file
2025-09-05,no source file
2025-09-06,no source file
2025-09-07,no source file
2025-09-08,no source file
2025-09-09,no source file
2025-09-10,no source file
2025-09-11,no source file
2025-09-13,no source file
2025-09-14,no source file
2025-09-17,no source file
2025-09-20,no source file
2025-09-21,no source file
2025-09-22,no source file
2025-09-23,no source file
2025-09-24,no source file
2025-09-25,no source file
2025-09-27,no source file
2025-09-28,no source file
2025-09-29,no source file
2025-09-30,no source file
2025-10-01,no source file
2025-10-02,no source file
2025-10-03,no source file
2025-10-04,no source file
2025-10-06,no source file
2025-10-07,no source file
2025-10-09,no source file
2025-10-10,no source file
2025-10-11,no source file
2025-10-12,no source file
2025-10-15,no source file
2025-10-16,no source file
2025-10-17,no source file
2025-10-18,no source file
2025-10-19,no source file
2025-10-20,no source file
2025-10-21,no source file
2025-10-22,no source file
2025-10-23,no source file
2025-10-24,no source file
2025-10-25,no source file
2025-10-27,no source file
2025-10-28,no source file
2025-10-29,no source file
2025-10-30,no source file
2025-10-31,no source file
2025-11-01,no source file
2025-11-03,no source file
2025-11-04,no source file
2025-11-05,no source file
2025-11-06,no source file
2025-11-07,no source file
2025-11-11,no source file
2025-11-12,no source file
2025-11-18,no source file
2025-11-19,no source file
2025-11-20,no source file
2025-11-21,no source file
2025-11-23,no source file
2025-11-26,no source file
2025-12-01,no source file
2025-12-04,no source file
2025-12-09,no source file
2025-12-10,no source file
2025-12-13,no source file
2025-12-18,no source file
2025-12-19,no source file
2025-12-21,no source file
2025-12-23,no source file
2025-12-25,no source file
2026-01-02,no source file
2026-01-03,no source file
2026-01-04,no source file
2026-01-07,no source file
2026-01-09,no source file
2026-01-16,no source file
2026-01-21,no source file
2026-01-24,no source file
2026-01-26,no source file
2026-01-27,no source file
2026-01-28,no source file
2026-02-01,no source file
2026-02-08,no source file
2026-02-11,no source file
2026-02-12,no source file
2026-02-15,no source file
2026-02-18,no source file
2026-02-19,no source file
2026-02-20,no source file
2026-02-28,no source file
2026-03-03,no source file
2026-03-12,no source file
2026-03-13,no source file
2026-03-14,no source file
2026-03-18,no source file
2026-03-23,no source file
2026-03-24,no source file
2026-03-30,no source file
2026-03-31,no source file
2026-04-02,no source file
2026-04-03,no source file
2026-04-06,no source file
2026-04-07,no source file
2026-04-08,no source file
2026-04-09,no source file
2026-04-11,no source file
2026-04-13,no source file
2026-04-15,no source file
2026-04-16,no source file
2026-04-17,no source file
2026-04-20,no source file
2026-04-21,no source file
2026-04-22,no source file
2026-04-23,no source file
2026-04-24,no source file
2026-04-25,no source file
2026-04-30,no source file
2026-05-04,no source file
2026-05-05,no source file
2026-05-07,no source file
2026-05-08,no source file
2026-05-11,no source file
2026-05-12,no source file
2026-05-13,no source file
2026-05-14,no source file
2026-05-15,no source file
2026-05-16,no source file
2026-05-17,no source file
2026-05-18,no source file
2026-05-20,no source file
2026-05-22,no source file
2026-05-23,no source file
2026-05-26,no source file
2026-05-30,no source file
2026-06-02,no source file
2026-06-03,no source file
2026-06-07,no source file
2026-06-08,no source file
2026-06-09,no source file
2026-06-10,no source file
2026-06-11,no source file
2026-06-13,no source file
2026-06-14,no source file
2026-06-16,no source file
2026-06-17,no source file
2026-06-20,no source file
2026-06-21,no source file
2026-06-24,no source file
2026-06-25,no source file
2026-06-27,no source file
2026-07-01,no source file
2026-07-02,no source file
2026-07-06,no source file
2026-07-07,no source file
2026-07-11,no source file
2026-07-14,no source file
2026-07-16,no source file
2026-07-19,no source file
2026-07-26,no source file
2026-08-06,no source file
2026-08-07,no source file
2026-08-10,no source file
2026-08-12,no source file
2026-08-13,no source file
2026-08-18,no source file
2026-08-19,no source file
2026-08-20,no source file
2026-08-22,no source file
2026-08-23,no source file
2026-08-24,no source file
2026-08-27,no source file
2026-08-28,no source file
2026-08-31,no source file
2026-09-02,no source file
2026-09-03,no source file
2026-09-04,no source file
2026-09-05,no source file
2026-09-07,no source file
2026-09-08,no source file
2026-09-10,no source file
2026-09-11,no source file
