table,row_id,status,fields
comments,1026,different,content
comments,1029,different,content
comments,1076,different,content
comments,1784,different,content
comments,1785,different,content
comments,1846,different,content
comments,1847,different,content
comments,2127,different,content
comments,2245,different,content
comments,2246,different,content
comments,2260,different,content
comments,2264,different,content
comments,3220,different,content
comments,3733,different,content
comments,3755,different,content
comments,3781,different,content
comments,3782,different,content
comments,3783,different,content
comments,3785,different,content
comments,3787,different,content
comments,3788,different,content
comments,3789,different,content
comments,3790,different,content
comments,708,different,content
comments,721,different,content
comments,737,different,content
comments,741,different,content
comments,751,different,content
comments,752,different,content
comments,825,different,content
comments,826,different,content
comments,828,different,content
comments,834,different,content
comments,854,different,content
comments,951,different,content
comments,974,different,content
comments,991,different,content
comments,994,different,content
definitions,10019,different,definition;notes;time
definitions,10057,different,definition;notes;time
definitions,10187,different,definition;notes;time
definitions,10215,different,time
definitions,10286,different,definition;time
definitions,10356,different,definition;time
definitions,10503,different,definition;notes;time
definitions,10514,different,definition;notes;time
definitions,10718,different,time
definitions,10728,different,definition;notes;time
definitions,10814,different,definition;notes;time
definitions,11058,different,definition;notes;time
definitions,11075,different,definition;notes;time
definitions,11140,different,definition;time
definitions,11166,different,definition;notes;time
definitions,11464,different,notes;time
definitions,11511,different,definition;notes;time
definitions,11580,different,definition;notes;time
definitions,11646,different,definition;notes;time
definitions,11977,different,definition;notes;time
definitions,11978,different,definition;notes;time
definitions,12013,different,definition;notes;time
definitions,12110,different,definition;notes;time
definitions,12604,different,definition;notes;time
definitions,12752,different,definition;notes;time
definitions,13116,different,time
definitions,13137,different,notes;time
definitions,13161,different,notes;time
definitions,13166,different,notes;time
definitions,13251,different,definition;time
definitions,13270,different,notes;time
definitions,13361,different,notes;time
definitions,13408,different,notes;time
definitions,13420,different,notes;time
definitions,13442,different,notes;time
definitions,13448,different,notes;time
definitions,13534,different,definition;time
definitions,13535,different,notes;time
definitions,13547,different,notes;time
definitions,13561,different,notes;time
definitions,13562,different,notes;time
definitions,13589,different,notes;time
definitions,13590,different,notes;time
definitions,13722,different,notes;time
definitions,13724,different,notes;time
definitions,13732,different,notes;time
definitions,13783,different,definition;notes;time
definitions,13821,different,notes;time
definitions,13844,different,notes;time
definitions,13962,different,notes;time
definitions,13963,different,notes;time
definitions,13964,different,notes;time
definitions,14152,different,notes;time
definitions,14181,different,notes;time
definitions,14188,different,notes;time
definitions,14268,different,time
definitions,14355,different,notes;time
definitions,14378,different,notes;time
definitions,14379,different,notes;time
definitions,14380,different,notes;time
definitions,14388,different,notes;time
definitions,14413,different,notes;time
definitions,14437,different,notes;time
definitions,14442,different,time
definitions,14455,different,notes;time
definitions,14473,different,notes;time
definitions,14502,different,notes;time
definitions,14519,different,notes;time
definitions,14674,different,notes;time
definitions,14693,different,definition;notes;time
definitions,14863,different,notes;time
definitions,15008,different,notes;time
definitions,15015,different,notes;time
definitions,15016,different,notes;time
definitions,15022,different,notes;time
definitions,15028,different,notes;time
definitions,15053,different,time
definitions,15055,different,definition;notes;time
definitions,15139,different,notes;time
definitions,15145,different,notes;time
definitions,15153,different,time
definitions,15177,different,notes;time
definitions,15213,different,definition;time
definitions,15323,different,notes;time
definitions,15333,different,definition;time
definitions,15354,different,notes;time
definitions,15377,different,notes;time
definitions,15420,different,notes;time
definitions,15421,different,notes;time
definitions,15422,different,notes;time
definitions,15457,different,notes;time
definitions,15477,different,notes;time
definitions,15571,different,notes;time
definitions,15597,different,notes;time
definitions,15634,different,notes;time
definitions,15658,different,notes;time
definitions,15716,different,notes;time
definitions,15728,different,time
definitions,15758,different,notes;time
definitions,15769,different,notes;time
definitions,15935,different,notes;time
definitions,16082,different,notes;time
definitions,16132,different,notes;time
definitions,16192,different,definition;notes;time
definitions,16198,different,notes;time
definitions,16200,different,notes;time
definitions,16289,different,notes;time
definitions,16345,different,time
definitions,16374,different,notes;time
definitions,16387,different,definition;time
definitions,16413,different,notes;time
definitions,16452,different,notes;time
definitions,16471,different,notes;time
definitions,16876,different,definition;notes;time
definitions,16908,different,notes;time
definitions,16923,different,definition;notes;time
definitions,16950,different,notes;time
definitions,17046,different,definition;time
definitions,17094,different,notes;time
definitions,17154,different,notes;time
definitions,17161,different,notes;time
definitions,17226,different,notes;time
definitions,17303,different,notes;time
definitions,17393,different,notes;time
definitions,17413,different,notes;time
definitions,17444,different,time
definitions,17448,different,notes;time
definitions,17489,different,notes;time
definitions,17506,different,notes;time
definitions,17575,different,notes;time
definitions,17591,different,notes;time
definitions,17592,different,notes;time
definitions,17593,different,notes;time
definitions,17595,different,notes;time
definitions,17616,different,notes;time
definitions,17652,different,notes;time
definitions,17780,different,notes;time
definitions,17823,different,notes;time
definitions,17882,different,definition;time
definitions,17898,different,notes;time
definitions,17953,different,notes;time
definitions,17979,different,notes;time
definitions,17980,different,notes;time
definitions,18224,different,definition;time
definitions,18229,different,time;jargon
definitions,18265,different,notes;time
definitions,18320,different,time
definitions,18414,different,notes;time
definitions,18505,different,notes;time
definitions,18539,different,notes;time
definitions,18560,different,time
definitions,18569,different,notes;time
definitions,18614,different,notes;time
definitions,18618,different,notes;time
definitions,18619,different,notes;time
definitions,18630,different,notes;time
definitions,18709,different,definition;time
definitions,18751,different,time
definitions,18931,different,notes;time
definitions,18946,different,notes;time
definitions,18968,different,notes;time
definitions,18979,different,notes;time
definitions,19059,different,notes;time
definitions,19066,different,definition;time
definitions,19602,different,notes
definitions,19863,different,notes;time
definitions,20283,different,definition;notes;time
definitions,20302,different,notes;time
definitions,20377,different,definition;notes;time
definitions,20459,different,notes;time
definitions,20472,different,notes;time
definitions,20551,different,notes;time
definitions,20651,different,time
definitions,20654,different,notes;time
definitions,20699,different,notes;time
definitions,20711,different,notes;time
definitions,2461,different,notes;time
definitions,2475,different,notes;time
definitions,2855,different,notes
definitions,2917,different,definition;notes;time
definitions,2948,different,definition;time
definitions,2953,different,notes
definitions,2966,different,notes
definitions,3000,different,definition;time
definitions,3040,different,definition;time
definitions,3078,different,definition;notes;time
definitions,3082,different,definition;notes;time
definitions,3105,different,definition;time
definitions,3155,different,definition;time
definitions,3203,different,definition;time
definitions,3205,different,definition;time
definitions,3213,different,definition;notes;time
definitions,32258,different,notes;time
definitions,32345,different,definition;time
definitions,32346,different,definition;time
definitions,32364,different,notes;time
definitions,3382,different,definition;time
definitions,33969,different,definition;time
definitions,3404,different,notes;time
definitions,34076,different,definition;time
definitions,34133,different,definition;time
definitions,34434,different,definition;time
definitions,34471,different,definition;time
definitions,34515,different,definition;time
definitions,3455,different,definition;time
definitions,3458,different,definition;time
definitions,3465,different,definition;time
definitions,34655,different,definition;time
definitions,34671,different,definition;time
definitions,34714,different,definition;time
definitions,35255,different,notes;time
definitions,35291,different,time
definitions,3542,different,definition;notes;time
definitions,3543,different,definition
definitions,3557,different,definition;notes;time
definitions,3558,different,definition;notes;time
definitions,3581,different,definition;time
definitions,35983,different,notes
definitions,3616,different,definition;notes;time
definitions,36535,different,definition;time
definitions,36701,different,time
definitions,36741,different,notes;time
definitions,36742,different,notes;time
definitions,3687,different,definition;notes;time
definitions,36949,different,definition;time
definitions,38002,different,definition;notes;time
definitions,38159,different,time
definitions,38191,different,notes;time
definitions,38212,different,notes;time
definitions,38237,different,notes;time
definitions,3833,different,definition;time
definitions,38425,different,notes;time
definitions,38542,different,notes;time
definitions,38544,different,notes;time
definitions,38624,different,notes;time
definitions,38627,different,definition;time
definitions,38921,different,notes;time
definitions,38932,different,definition;notes;time
definitions,38972,different,notes;time
definitions,39084,different,notes;time
definitions,39199,different,notes;time
definitions,39220,different,notes;time
definitions,3943,different,definition;notes;time
definitions,39867,different,time
definitions,4029,different,definition;notes;time
definitions,4059,different,definition;notes;time
definitions,4070,different,time
definitions,41414,different,notes;time
definitions,41428,different,notes;time
definitions,41526,different,notes;time
definitions,4154,different,definition;notes;time
definitions,41626,different,notes;time
definitions,41703,different,notes;time
definitions,41705,different,notes;time
definitions,41707,different,notes;time
definitions,41708,different,notes;time
definitions,41714,different,notes;time
definitions,41879,different,notes;time
definitions,41986,different,definition;notes;time
definitions,42236,different,notes;time
definitions,42242,different,notes;time
definitions,42245,different,notes;time
definitions,42248,different,notes;time
definitions,42251,different,notes;time
definitions,42254,different,notes;time
definitions,42291,different,definition;notes;time
definitions,42325,different,notes;time
definitions,42358,different,notes;time
definitions,42371,different,notes;time
definitions,42436,different,notes;time
definitions,44089,different,notes;time
definitions,44379,different,time
definitions,4466,different,definition;time
definitions,52176,different,definition;notes;time
definitions,52713,different,notes;time
definitions,52722,different,notes;time
definitions,52723,different,notes;time
definitions,52737,different,time
definitions,52753,different,time
definitions,52900,different,notes;time
definitions,52914,different,notes;time
definitions,53076,different,definition;notes;time
definitions,53083,different,definition;notes;time
definitions,53085,different,notes;time
definitions,53154,different,notes;time
definitions,53155,different,notes;time
definitions,53186,different,notes;time
definitions,53249,different,definition;time
definitions,54002,different,time
definitions,54075,different,notes;time
definitions,55465,different,time
definitions,56027,different,notes;time
definitions,56447,different,notes
definitions,56502,different,definition;notes;time
definitions,56548,different,notes;time
definitions,56714,different,notes;time
definitions,56773,different,time
definitions,56802,different,notes;time
definitions,56818,different,notes;time
definitions,56846,different,time
definitions,56881,different,notes;time
definitions,56888,different,notes;time
definitions,56942,different,notes;time
definitions,56943,different,notes;time
definitions,56949,different,notes;time
definitions,56954,different,notes;time
definitions,56986,different,definition;notes;time
definitions,56987,different,definition;notes;time
definitions,57018,different,notes;time
definitions,57047,different,definition;time
definitions,57048,different,notes;time
definitions,57072,different,notes;time
definitions,57083,different,definition;notes;time
definitions,57100,different,notes;time
definitions,57229,different,notes;time
definitions,57348,different,notes;time
definitions,57530,different,notes;time
definitions,57540,different,notes;time
definitions,60437,different,notes;time
definitions,60470,different,notes;time
definitions,60486,different,notes;time
definitions,60531,different,definition;notes;time
definitions,60544,different,notes;time
definitions,60545,different,notes;time
definitions,60546,different,notes;time
definitions,63483,different,definition;notes;time
definitions,63664,different,notes;time
definitions,63674,different,notes;time
definitions,63726,different,time
definitions,63848,different,definition;notes;time
definitions,63928,different,notes;time
definitions,64,different,notes
definitions,64173,different,notes;time
definitions,64273,different,definition;notes;time
definitions,64274,different,definition;notes;time
definitions,64276,different,definition;notes;time
definitions,64283,different,notes;time
definitions,64413,different,notes;time
definitions,64424,different,definition;time
definitions,64430,different,notes;time
definitions,64462,different,notes;time
definitions,64463,different,notes;time;selmaho
definitions,64464,different,notes;time;selmaho
definitions,64530,different,definition;notes;time
definitions,64531,different,definition;notes;time
definitions,64532,different,definition;notes;time
definitions,64533,different,definition;notes;time
definitions,64546,different,notes;time
definitions,64568,different,definition;notes;time
definitions,64631,different,notes;time;selmaho
definitions,64633,different,definition;time
definitions,64656,different,notes;time
definitions,64758,different,notes;time
definitions,64792,different,definition;time
definitions,65059,different,definition;time
definitions,65076,different,definition;notes;time
definitions,65077,different,definition;time
definitions,65088,different,definition;notes;time
definitions,65126,different,definition;notes;time
definitions,65127,different,definition;notes;time
definitions,65246,different,notes;time
definitions,65430,different,definition;notes;time
definitions,65533,different,notes;time
definitions,65733,different,notes;time
definitions,65803,different,notes;time
definitions,65844,different,notes;time
definitions,65883,different,definition;notes;time
definitions,65884,different,notes;time
definitions,65910,different,notes;time
definitions,65972,different,notes;time
definitions,66020,different,notes;time
definitions,66044,different,notes;time
definitions,66127,different,notes;time
definitions,66136,different,definition;notes;time
definitions,66143,different,notes;time
definitions,66166,different,time
definitions,66167,different,time
definitions,66491,different,notes;time
definitions,66503,different,notes;time
definitions,66608,different,time
definitions,66617,different,notes;time
definitions,66712,different,notes;time
definitions,66781,different,notes
definitions,66848,different,notes;time
definitions,66912,different,time
definitions,66923,different,notes;time
definitions,66946,different,notes;time
definitions,66947,different,notes;time
definitions,67051,different,time
definitions,67056,different,notes;time
definitions,67069,different,notes;time
definitions,67076,different,notes;time
definitions,67108,different,notes;time
definitions,67217,different,notes;time
definitions,67258,different,notes;time
definitions,67292,different,notes;time
definitions,67305,different,notes;time
definitions,67311,different,time
definitions,67340,different,notes;time
definitions,67369,different,notes;time
definitions,67512,different,notes;time
definitions,67521,different,notes;time
definitions,67596,different,notes;time
definitions,67673,different,definition;time
definitions,67706,different,notes;time
definitions,67709,different,notes;time
definitions,67717,different,notes;time
definitions,67748,different,notes;time
definitions,67783,different,notes;time
definitions,67875,different,notes;time
definitions,67902,different,definition;time
definitions,67928,different,definition;time
definitions,68020,different,notes;time
definitions,68030,different,definition;time
definitions,68053,different,definition;time
definitions,68054,different,definition;time
definitions,68102,different,notes;time
definitions,68153,different,notes;time
definitions,68231,different,definition;notes;time
definitions,68273,different,notes;time
definitions,68295,different,notes;time
definitions,68304,different,definition;time
definitions,68497,different,notes
definitions,68499,different,definition;notes;time
definitions,68535,different,notes;time
definitions,68637,different,notes;time
definitions,68661,different,notes;time
definitions,68697,different,notes;time
definitions,68738,different,notes;time
definitions,68742,different,notes;time
definitions,68773,different,notes;time
definitions,68790,different,time
definitions,68808,different,definition;notes;time
definitions,68927,different,definition;time
definitions,69054,different,notes;time
definitions,69196,different,notes;time
definitions,69336,different,definition;time
definitions,69347,different,notes;time
definitions,69379,different,notes;time
definitions,69381,different,definition;time
definitions,69481,different,definition;time
definitions,69493,different,notes;time
definitions,69606,different,definition;notes;time
definitions,69630,different,notes;time
definitions,69633,different,notes;time
definitions,69667,different,definition;notes;time
definitions,69798,different,notes;time
definitions,69862,different,notes;time
definitions,69863,different,notes;time
definitions,69864,different,notes;time
definitions,69865,different,notes;time
definitions,69866,different,notes;time
definitions,69867,different,notes;time
definitions,69880,different,notes;time
definitions,69908,different,notes;time
definitions,69909,different,notes;time
definitions,69910,different,notes;time
definitions,69911,different,notes;time
definitions,69912,different,notes;time
definitions,69913,different,notes;time
definitions,69914,different,notes;time
definitions,69915,different,notes;time
definitions,69916,different,notes;time
definitions,69917,different,notes;time
definitions,69918,different,notes;time
definitions,69919,different,notes;time
definitions,69920,different,definition;notes;time
definitions,69921,different,notes;time
definitions,69922,different,notes;time
definitions,69923,different,notes;time
definitions,69924,different,notes;time
definitions,69925,different,notes;time
definitions,69926,different,notes;time
definitions,69927,different,notes;time
definitions,69932,different,notes;time
definitions,69933,different,notes;time
definitions,69934,different,notes;time
definitions,69935,different,notes;time
definitions,69936,different,notes;time
definitions,69937,different,notes;time
definitions,69938,different,notes;time
definitions,69939,different,notes;time
definitions,69940,different,notes;time
definitions,69941,different,notes;time
definitions,69942,different,notes;time
definitions,69943,different,notes;time
definitions,69944,different,notes;time
definitions,69945,different,notes;time
definitions,69946,different,notes;time
definitions,69947,different,notes;time
definitions,69948,different,notes;time
definitions,69950,different,notes;time
definitions,69951,different,notes;time
definitions,69952,different,notes;time
definitions,69953,different,notes;time
definitions,69954,different,notes;time
definitions,69959,different,notes;time
definitions,69960,different,notes;time
definitions,69961,different,notes;time
definitions,69962,different,notes;time
definitions,69963,different,notes;time
definitions,69964,different,notes;time
definitions,69965,different,notes;time
definitions,69966,different,notes;time
definitions,69967,different,notes;time
definitions,69968,different,notes;time
definitions,69969,different,notes;time
definitions,69970,different,notes;time
definitions,69971,different,notes;time
definitions,69972,different,notes;time
definitions,69973,different,notes;time
definitions,69974,different,notes;time
definitions,69975,different,notes;time
definitions,69976,different,notes;time
definitions,69977,different,notes;time
definitions,69978,different,notes;time
definitions,69979,different,notes;time
definitions,69980,different,notes;time
definitions,69981,different,notes;time
definitions,69982,different,notes;time
definitions,69983,different,notes;time
definitions,69984,different,notes;time
definitions,69985,different,notes;time
definitions,69986,different,notes;time
definitions,70107,different,notes;time
definitions,70140,different,notes;time
definitions,70156,different,notes;time
definitions,70172,different,notes;time
definitions,70178,different,notes;time
definitions,70195,different,notes;time
definitions,70200,different,notes;time
definitions,70292,different,notes;time
definitions,70321,different,notes;time
definitions,70337,different,notes;time
definitions,70413,different,notes;time
definitions,70476,different,notes;time
definitions,70496,different,notes;time
definitions,70505,different,definition;notes;time
definitions,70673,different,notes;time
definitions,70822,different,notes;time
definitions,70857,different,notes;time
definitions,70866,different,notes;time
definitions,70894,different,notes;time
definitions,70895,different,notes;time
definitions,70897,different,notes;time
definitions,70914,different,notes;time
definitions,70917,different,notes;time
definitions,70958,different,notes;time
definitions,71013,different,notes;time
definitions,71161,different,notes;time
definitions,71165,different,notes;time
definitions,71409,different,definition;notes;time
definitions,71441,different,notes;time
definitions,71611,different,notes;time
definitions,71672,different,definition;notes;time
definitions,71735,different,notes;time
definitions,71743,different,definition;time
definitions,71756,different,notes;time
definitions,71766,different,notes;time
definitions,71874,different,notes;time
definitions,71937,different,notes;time
definitions,71943,different,notes;time
definitions,71956,different,notes;time
definitions,71962,different,definition;time
definitions,71963,different,definition;time
definitions,71964,different,definition;time
definitions,71965,different,definition;time
definitions,71966,different,definition;time
definitions,72027,different,notes;time
definitions,72120,different,notes;time
definitions,72147,different,notes;time
definitions,72150,different,definition;notes;time
definitions,72154,different,definition;time
definitions,72225,different,time
definitions,72226,different,time
definitions,72240,only-jbovlaste,
definitions,72255,different,definition;notes;time
definitions,72256,different,definition;time
definitions,72305,different,definition;time
definitions,72374,different,notes;time
definitions,72457,different,notes;time
definitions,72460,different,definition;notes;time
definitions,72500,different,time
definitions,72556,different,definition;notes;time
definitions,72562,different,notes;time
definitions,72629,different,notes;time
definitions,72662,different,time
definitions,72667,different,time
definitions,72678,different,notes;time
definitions,72679,different,definition;time
definitions,72680,different,time
definitions,72681,different,time
definitions,72688,different,time
definitions,72689,different,notes;time
definitions,72717,different,time
definitions,72798,different,notes;time
definitions,72860,different,notes;time
definitions,72861,different,time
definitions,72895,different,notes;time
definitions,72943,different,time
definitions,72947,different,time
definitions,73063,only-jbovlaste,
definitions,73064,only-jbovlaste,
definitions,73065,only-jbovlaste,
definitions,73066,only-jbovlaste,
definitions,73067,only-jbovlaste,
definitions,73068,only-jbovlaste,
definitions,73069,only-jbovlaste,
definitions,73081,only-jbovlaste,
definitions,73082,only-jbovlaste,
definitions,73083,only-jbovlaste,
definitions,73085,only-jbovlaste,
definitions,73086,only-jbovlaste,
definitions,73088,only-jbovlaste,
definitions,73089,only-jbovlaste,
definitions,73090,only-jbovlaste,
definitions,73091,only-jbovlaste,
definitions,73093,only-jbovlaste,
definitions,73094,only-jbovlaste,
definitions,73095,only-jbovlaste,
definitions,73097,only-jbovlaste,
definitions,73098,only-jbovlaste,
definitions,73103,only-jbovlaste,
definitions,73179,different,definition;notes;time
definitions,73182,different,notes;time
definitions,73188,different,notes;time
definitions,73229,different,notes;time
definitions,73249,different,notes;time
definitions,73251,different,notes
definitions,73328,different,notes;time
definitions,73331,only-jbovlaste,
definitions,73446,different,notes;time
definitions,73504,different,notes;time
definitions,73532,different,definition;notes;time
definitions,73587,different,time
definitions,73599,different,time
definitions,73600,different,definition;time
definitions,73609,different,notes;time
definitions,73610,different,notes;time
definitions,73647,different,notes;time
definitions,73695,different,notes;time
definitions,73711,different,time
definitions,73715,different,time
definitions,73719,different,time
definitions,73738,different,time
definitions,73748,different,time
definitions,73764,different,time
definitions,73769,different,notes;time
definitions,73777,different,time
definitions,73778,different,time
definitions,73781,different,time
definitions,73782,different,time
definitions,73784,different,notes;time
definitions,73785,different,definition;notes;time
definitions,73792,different,time
definitions,73826,different,time
definitions,73827,different,time
definitions,73895,different,definition;notes;time
definitions,73896,different,notes;time
definitions,73898,different,notes;time
definitions,73907,different,notes;time
definitions,73908,different,notes;time
definitions,73910,different,notes;time
definitions,73912,different,notes;time;selmaho
definitions,73917,different,notes;time
definitions,73932,different,definition;time
definitions,73952,different,definition;notes;time
definitions,73965,different,definition;time
definitions,73977,different,definition;notes;time
definitions,73978,different,definition;time
definitions,73979,different,notes;time
definitions,73980,different,definition;notes;time
definitions,74023,different,notes;time
definitions,74024,different,definition;time
definitions,74026,different,notes;time
definitions,74040,different,notes;time
definitions,74059,different,notes;time
definitions,74060,different,time
definitions,74061,different,notes;time
definitions,74079,different,notes;time
definitions,74091,different,time
definitions,74093,different,notes;time
definitions,74094,different,notes;time
definitions,74108,different,time
definitions,74109,different,notes;time
definitions,74146,different,notes;time
definitions,74160,different,notes;time
definitions,74164,different,notes;time
definitions,74168,different,notes;time;selmaho
definitions,74169,different,time
definitions,74174,different,time
definitions,74177,different,notes;time
definitions,74178,different,notes;time
definitions,74179,different,notes;time
definitions,74181,different,notes;time
definitions,74182,different,notes;time
definitions,74183,different,notes;time
definitions,74184,different,definition;notes;time
definitions,74185,different,notes;time
definitions,74186,different,notes;time
definitions,74187,different,definition;notes;time
definitions,74188,different,notes;time
definitions,74189,different,notes;time
definitions,74191,different,notes;time
definitions,74197,different,notes;time
definitions,74204,different,notes;time
definitions,74205,different,notes;time
definitions,74206,different,notes;time
definitions,74207,different,time
definitions,74220,different,notes;time
definitions,74245,different,notes;time
definitions,74251,different,notes;time
definitions,74270,different,notes;time
definitions,74287,different,notes;time
definitions,74317,different,notes;time
definitions,74336,different,notes;time
definitions,74343,different,notes;time
definitions,74355,different,notes;time
definitions,74357,different,time
definitions,74358,different,notes;time
definitions,74363,different,notes;time
definitions,74365,different,time
definitions,74412,different,definition;notes;time
definitions,74417,different,notes;time
definitions,74418,different,notes;time
definitions,74419,different,notes;time
definitions,74420,different,definition;notes;time
definitions,74421,different,definition;notes;time
definitions,74422,different,notes;time
definitions,74423,different,notes;time
definitions,74427,different,notes;time
definitions,74431,different,notes;time
definitions,74432,different,notes;time
definitions,74442,different,time
definitions,74443,different,notes;time
definitions,74461,different,notes;time
definitions,74462,different,notes;time
definitions,74463,different,notes;time
definitions,74464,different,definition
definitions,74467,different,definition
definitions,74477,different,time
definitions,74478,different,definition;notes;time
definitions,74479,different,notes;time;selmaho
definitions,8211,different,definition;notes;time
definitions,8335,different,definition;time
definitions,8349,different,definition;notes;time
definitions,8357,different,definition;notes;time
definitions,8362,different,definition;notes;time
definitions,8393,different,definition;notes;time
definitions,8433,different,definition;notes;time
definitions,8632,different,definition;notes;time
definitions,8634,different,definition;notes;time
definitions,8687,different,definition;notes;time
definitions,8688,different,definition;notes;time
definitions,8717,different,notes;time
definitions,8766,different,definition;notes;time
definitions,8787,different,definition;notes;time
definitions,8850,different,definition;notes;time
definitions,8851,different,definition;notes;time
definitions,8854,different,definition;notes;time
definitions,8938,different,definition;notes;time
definitions,8990,different,definition;notes;time
definitions,9054,different,definition;notes;time
definitions,9157,different,definition;time
definitions,9249,different,definition;notes;time
definitions,9343,different,definition;notes;time
definitions,9348,different,definition;time
definitions,9349,different,definition;notes;time
definitions,9350,different,definition;time
definitions,9388,different,definition;time
definitions,9389,different,definition;notes;time
definitions,9425,different,definition;time
definitions,9434,different,definition;time
definitions,9456,different,definition;notes;time
definitions,9505,different,definition;notes;time
definitions,9519,different,definition;notes;time
definitions,9588,different,definition;time
definitions,9611,different,definition;notes;time
definitions,9684,different,notes;time
definitions,9694,different,definition;notes;time
definitions,9759,different,definition;notes;time
definitions,9872,different,definition;notes;time
definitions,9874,different,time
definitions,9927,different,definition;notes;time
keywordmapping,10807;10728;0,only-jbovlaste,
keywordmapping,13203;13116;0,only-jbovlaste,
keywordmapping,13203;18320;0,only-jbovlaste,
keywordmapping,15567;71937;3,only-jbovlaste,
keywordmapping,16379;73067;0,only-jbovlaste,
keywordmapping,16379;73068;0,only-jbovlaste,
keywordmapping,16379;73069;0,only-jbovlaste,
keywordmapping,19418;17489;0,only-jbovlaste,
keywordmapping,19642;72688;2,only-jbovlaste,
keywordmapping,22109;74040;5,only-jbovlaste,
keywordmapping,25211;20283;0,only-jbovlaste,
keywordmapping,25663;20651;0,only-jbovlaste,
keywordmapping,25748;20699;0,only-jbovlaste,
keywordmapping,620;10814;0,only-jbovlaste,
keywordmapping,67853;67311;2,only-jbovlaste,
keywordmapping,68585;71937;0,only-jbovlaste,
keywordmapping,70478;70200;0,only-jbovlaste,
keywordmapping,72588;71735;0,only-jbovlaste,
keywordmapping,73230;72500;0,only-jbovlaste,
keywordmapping,73279;72562;0,only-jbovlaste,
keywordmapping,73672;72943;0,only-jbovlaste,
keywordmapping,73673;72943;0,only-jbovlaste,
keywordmapping,73674;72943;0,only-jbovlaste,
keywordmapping,73915;73088;0,only-jbovlaste,
keywordmapping,73915;73089;0,only-jbovlaste,
keywordmapping,73916;73090;0,only-jbovlaste,
keywordmapping,73917;73093;0,only-jbovlaste,
keywordmapping,73918;73094;0,only-jbovlaste,
keywordmapping,73918;73095;0,only-jbovlaste,
keywordmapping,73918;73097;0,only-jbovlaste,
keywordmapping,73919;73103;0,only-jbovlaste,
keywordmapping,73920;73103;0,only-jbovlaste,
keywordmapping,74951;73908;0,only-jbovlaste,
keywordmapping,74979;73932;2,only-jbovlaste,
keywordmapping,74980;73932;4,only-jbovlaste,
keywordmapping,75012;73952;0,only-jbovlaste,
keywordmapping,75013;73952;0,only-jbovlaste,
keywordmapping,75119;74040;7,only-jbovlaste,
keywordmapping,8919;13116;0,only-jbovlaste,
keywordmapping,8919;18320;0,only-jbovlaste,
keywordmapping,9598;9519;0,only-jbovlaste,
languages,57,different,realname
natlangwords,12570,only-jbovlaste,
natlangwords,16414,only-jbovlaste,
natlangwords,17124,only-jbovlaste,
natlangwords,44349,only-jbovlaste,
natlangwords,44350,only-jbovlaste,
natlangwords,44397,only-jbovlaste,
natlangwords,44398,only-jbovlaste,
natlangwords,44564,only-jbovlaste,
natlangwords,46013,only-jbovlaste,
natlangwords,46014,only-jbovlaste,
natlangwords,46015,only-jbovlaste,
natlangwords,46038,only-jbovlaste,
natlangwords,46124,only-jbovlaste,
natlangwords,46125,only-jbovlaste,
natlangwords,46126,only-jbovlaste,
natlangwords,46127,only-jbovlaste,
natlangwords,46128,only-jbovlaste,
natlangwords,46558,only-jbovlaste,
natlangwords,46791,only-jbovlaste,
natlangwords,46863,only-jbovlaste,
natlangwords,47536,only-jbovlaste,
natlangwords,47644,only-jbovlaste,
natlangwords,47645,only-jbovlaste,
natlangwords,47646,only-jbovlaste,
natlangwords,47647,only-jbovlaste,
natlangwords,47840,only-jbovlaste,
natlangwords,47842,only-jbovlaste,
natlangwords,49482,only-jbovlaste,
natlangwords,49483,only-jbovlaste,
natlangwords,49484,only-jbovlaste,
natlangwords,49485,only-jbovlaste,
natlangwords,49486,only-jbovlaste,
natlangwords,49487,only-jbovlaste,
natlangwords,49514,only-jbovlaste,
natlangwords,49516,only-jbovlaste,
natlangwords,49557,only-jbovlaste,
natlangwords,57846,only-jbovlaste,
natlangwords,57847,only-jbovlaste,
natlangwords,57851,only-jbovlaste,
natlangwords,57852,only-jbovlaste,
natlangwords,57951,only-jbovlaste,
natlangwords,57952,only-jbovlaste,
natlangwords,57953,only-jbovlaste,
natlangwords,57954,only-jbovlaste,
natlangwords,57955,only-jbovlaste,
natlangwords,57956,only-jbovlaste,
natlangwords,57957,only-jbovlaste,
natlangwords,57958,only-jbovlaste,
natlangwords,57976,only-jbovlaste,
natlangwords,57977,only-jbovlaste,
natlangwords,58144,only-jbovlaste,
natlangwords,58146,only-jbovlaste,
natlangwords,58147,only-jbovlaste,
natlangwords,58148,only-jbovlaste,
natlangwords,58149,only-jbovlaste,
natlangwords,58220,only-jbovlaste,
natlangwords,58221,only-jbovlaste,
natlangwords,58222,only-jbovlaste,
natlangwords,58223,only-jbovlaste,
natlangwords,62431,only-jbovlaste,
natlangwords,62533,only-jbovlaste,
natlangwords,62536,only-jbovlaste,
natlangwords,62837,only-jbovlaste,
natlangwords,63561,only-jbovlaste,
natlangwords,63571,only-jbovlaste,
natlangwords,63835,only-jbovlaste,
natlangwords,64941,only-jbovlaste,
natlangwords,64952,only-jbovlaste,
natlangwords,65202,only-jbovlaste,
natlangwords,65203,only-jbovlaste,
natlangwords,65204,only-jbovlaste,
natlangwords,65205,only-jbovlaste,
natlangwords,65206,only-jbovlaste,
natlangwords,65521,only-jbovlaste,
natlangwords,66300,only-jbovlaste,
natlangwords,66302,only-jbovlaste,
natlangwords,66348,only-jbovlaste,
natlangwords,66350,only-jbovlaste,
natlangwords,66351,only-jbovlaste,
natlangwords,66352,only-jbovlaste,
natlangwords,66354,only-jbovlaste,
natlangwords,66421,only-jbovlaste,
natlangwords,66506,only-jbovlaste,
natlangwords,66589,only-jbovlaste,
natlangwords,66592,only-jbovlaste,
natlangwords,66593,only-jbovlaste,
natlangwords,66594,only-jbovlaste,
natlangwords,66674,only-jbovlaste,
natlangwords,66675,only-jbovlaste,
natlangwords,66676,only-jbovlaste,
natlangwords,66677,only-jbovlaste,
natlangwords,66678,only-jbovlaste,
natlangwords,66679,only-jbovlaste,
natlangwords,66850,only-jbovlaste,
natlangwords,66878,only-jbovlaste,
natlangwords,66958,only-jbovlaste,
natlangwords,66959,only-jbovlaste,
natlangwords,66960,only-jbovlaste,
natlangwords,66961,only-jbovlaste,
natlangwords,66962,only-jbovlaste,
natlangwords,66963,only-jbovlaste,
natlangwords,66964,only-jbovlaste,
natlangwords,66965,only-jbovlaste,
natlangwords,66967,only-jbovlaste,
natlangwords,66968,only-jbovlaste,
natlangwords,67091,only-jbovlaste,
natlangwords,67092,only-jbovlaste,
natlangwords,67113,only-jbovlaste,
natlangwords,67114,only-jbovlaste,
natlangwords,67115,only-jbovlaste,
natlangwords,67448,only-jbovlaste,
natlangwords,67545,only-jbovlaste,
natlangwords,67557,only-jbovlaste,
natlangwords,67704,only-jbovlaste,
natlangwords,67758,only-jbovlaste,
natlangwords,67759,only-jbovlaste,
natlangwords,67812,only-jbovlaste,
natlangwords,67836,only-jbovlaste,
natlangwords,67837,only-jbovlaste,
natlangwords,67838,only-jbovlaste,
natlangwords,67909,only-jbovlaste,
natlangwords,67910,only-jbovlaste,
natlangwords,68158,only-jbovlaste,
natlangwords,68172,only-jbovlaste,
natlangwords,68173,only-jbovlaste,
natlangwords,68174,only-jbovlaste,
natlangwords,68641,only-jbovlaste,
natlangwords,68642,only-jbovlaste,
natlangwords,68643,only-jbovlaste,
natlangwords,68644,only-jbovlaste,
natlangwords,68645,only-jbovlaste,
natlangwords,68715,only-jbovlaste,
natlangwords,68734,only-jbovlaste,
natlangwords,68735,only-jbovlaste,
natlangwords,68736,only-jbovlaste,
natlangwords,68737,only-jbovlaste,
natlangwords,68738,only-jbovlaste,
natlangwords,68961,only-jbovlaste,
natlangwords,68963,only-jbovlaste,
natlangwords,68965,only-jbovlaste,
natlangwords,69050,only-jbovlaste,
natlangwords,69054,only-jbovlaste,
natlangwords,69059,only-jbovlaste,
natlangwords,69064,only-jbovlaste,
natlangwords,69066,only-jbovlaste,
natlangwords,69247,only-jbovlaste,
natlangwords,69250,only-jbovlaste,
natlangwords,69279,only-jbovlaste,
natlangwords,69323,only-jbovlaste,
natlangwords,69362,only-jbovlaste,
natlangwords,69719,only-jbovlaste,
natlangwords,69881,only-jbovlaste,
natlangwords,70015,only-jbovlaste,
natlangwords,70016,only-jbovlaste,
natlangwords,70017,only-jbovlaste,
natlangwords,70019,only-jbovlaste,
natlangwords,70020,only-jbovlaste,
natlangwords,70104,only-jbovlaste,
natlangwords,70111,only-jbovlaste,
natlangwords,70113,only-jbovlaste,
natlangwords,70114,only-jbovlaste,
natlangwords,70119,only-jbovlaste,
natlangwords,70120,only-jbovlaste,
natlangwords,70121,only-jbovlaste,
natlangwords,70122,only-jbovlaste,
natlangwords,70298,only-jbovlaste,
natlangwords,70299,only-jbovlaste,
natlangwords,70314,only-jbovlaste,
natlangwords,70315,only-jbovlaste,
natlangwords,70362,only-jbovlaste,
natlangwords,70364,only-jbovlaste,
natlangwords,70365,only-jbovlaste,
natlangwords,70418,only-jbovlaste,
natlangwords,70428,only-jbovlaste,
natlangwords,70858,only-jbovlaste,
natlangwords,70862,only-jbovlaste,
natlangwords,70987,only-jbovlaste,
natlangwords,71098,only-jbovlaste,
natlangwords,71101,only-jbovlaste,
natlangwords,71102,only-jbovlaste,
natlangwords,71132,only-jbovlaste,
natlangwords,71133,only-jbovlaste,
natlangwords,71135,only-jbovlaste,
natlangwords,71136,only-jbovlaste,
natlangwords,71171,only-jbovlaste,
natlangwords,71175,only-jbovlaste,
natlangwords,71176,only-jbovlaste,
natlangwords,71180,only-jbovlaste,
natlangwords,71182,only-jbovlaste,
natlangwords,71190,only-jbovlaste,
natlangwords,71191,only-jbovlaste,
natlangwords,71229,only-jbovlaste,
natlangwords,71344,only-jbovlaste,
natlangwords,71345,only-jbovlaste,
natlangwords,71536,only-jbovlaste,
natlangwords,71564,only-jbovlaste,
natlangwords,71672,only-jbovlaste,
natlangwords,71750,only-jbovlaste,
natlangwords,71853,only-jbovlaste,
natlangwords,71915,only-jbovlaste,
natlangwords,71916,only-jbovlaste,
natlangwords,71917,only-jbovlaste,
natlangwords,71926,only-jbovlaste,
natlangwords,71950,only-jbovlaste,
natlangwords,72024,only-jbovlaste,
natlangwords,72025,only-jbovlaste,
natlangwords,72027,only-jbovlaste,
natlangwords,72028,only-jbovlaste,
natlangwords,72030,only-jbovlaste,
natlangwords,72049,only-jbovlaste,
natlangwords,72075,only-jbovlaste,
natlangwords,72080,only-jbovlaste,
natlangwords,72101,only-jbovlaste,
natlangwords,72237,only-jbovlaste,
natlangwords,72238,only-jbovlaste,
natlangwords,72239,only-jbovlaste,
natlangwords,72240,only-jbovlaste,
natlangwords,72243,only-jbovlaste,
natlangwords,72246,only-jbovlaste,
natlangwords,72342,only-jbovlaste,
natlangwords,72367,only-jbovlaste,
natlangwords,72368,only-jbovlaste,
natlangwords,72369,only-jbovlaste,
natlangwords,72426,only-jbovlaste,
natlangwords,72488,only-jbovlaste,
natlangwords,72851,only-jbovlaste,
natlangwords,72852,only-jbovlaste,
natlangwords,72905,only-jbovlaste,
natlangwords,72945,only-jbovlaste,
natlangwords,72946,only-jbovlaste,
natlangwords,73406,only-jbovlaste,
natlangwords,73407,only-jbovlaste,
natlangwords,73408,only-jbovlaste,
natlangwords,73410,only-jbovlaste,
natlangwords,73411,only-jbovlaste,
natlangwords,73412,only-jbovlaste,
natlangwords,73413,only-jbovlaste,
natlangwords,73414,only-jbovlaste,
natlangwords,73434,only-jbovlaste,
natlangwords,73511,only-jbovlaste,
natlangwords,73514,only-jbovlaste,
natlangwords,73515,only-jbovlaste,
natlangwords,73586,only-jbovlaste,
natlangwords,73587,only-jbovlaste,
natlangwords,73614,only-jbovlaste,
natlangwords,73615,only-jbovlaste,
natlangwords,73616,only-jbovlaste,
natlangwords,73688,only-jbovlaste,
natlangwords,73690,only-jbovlaste,
natlangwords,73775,only-jbovlaste,
natlangwords,73845,only-jbovlaste,
natlangwords,73846,only-jbovlaste,
natlangwords,73848,only-jbovlaste,
natlangwords,73916,only-jbovlaste,
natlangwords,73917,only-jbovlaste,
natlangwords,73919,only-jbovlaste,
natlangwords,73920,only-jbovlaste,
natlangwords,73931,only-jbovlaste,
natlangwords,73932,only-jbovlaste,
natlangwords,73933,only-jbovlaste,
natlangwords,73934,only-jbovlaste,
natlangwords,73935,only-jbovlaste,
natlangwords,73936,only-jbovlaste,
natlangwords,73937,only-jbovlaste,
natlangwords,73938,only-jbovlaste,
natlangwords,73939,only-jbovlaste,
natlangwords,73940,only-jbovlaste,
natlangwords,73941,only-jbovlaste,
natlangwords,73973,only-jbovlaste,
natlangwords,74121,only-jbovlaste,
natlangwords,74122,only-jbovlaste,
natlangwords,74123,only-jbovlaste,
natlangwords,74621,only-jbovlaste,
natlangwords,74622,only-jbovlaste,
natlangwords,74623,only-jbovlaste,
natlangwords,74632,only-jbovlaste,
natlangwords,74665,only-jbovlaste,
natlangwords,74666,only-jbovlaste,
natlangwords,74667,only-jbovlaste,
natlangwords,74826,only-jbovlaste,
natlangwords,74828,only-jbovlaste,
natlangwords,74829,only-jbovlaste,
natlangwords,74830,only-jbovlaste,
natlangwords,75040,only-jbovlaste,
natlangwords,75214,only-jbovlaste,
natlangwords,75215,only-jbovlaste,
natlangwords,75228,only-jbovlaste,
natlangwords,75229,only-jbovlaste,
natlangwords,75231,only-jbovlaste,
natlangwords,75235,only-jbovlaste,
natlangwords,75439,only-jbovlaste,
natlangwords,75440,only-jbovlaste,
natlangwords,75441,only-jbovlaste,
natlangwords,75442,only-jbovlaste,
natlangwords,8648,only-jbovlaste,
natlangwords,9598,only-jbovlaste,
threads,18,only-jbovlaste,
threads,19,only-jbovlaste,
threads,20,only-jbovlaste,
valsi,1,different,rafsi
valsi,10,different,rafsi
valsi,100,different,rafsi
valsi,1000,different,rafsi
valsi,1001,different,rafsi
valsi,1002,different,rafsi
valsi,1003,different,rafsi
valsi,1004,different,rafsi
valsi,1005,different,rafsi
valsi,1006,different,rafsi
valsi,1007,different,rafsi
valsi,1008,different,rafsi
valsi,1009,different,rafsi
valsi,101,different,rafsi
valsi,1010,different,rafsi
valsi,1011,different,rafsi
valsi,1012,different,rafsi
valsi,1013,different,rafsi
valsi,1014,different,rafsi
valsi,1015,different,rafsi
valsi,1016,different,rafsi
valsi,1017,different,rafsi
valsi,1018,different,rafsi
valsi,1019,different,rafsi
valsi,102,different,rafsi
valsi,1020,different,rafsi
valsi,1021,different,rafsi
valsi,1022,different,rafsi
valsi,1023,different,rafsi
valsi,1024,different,rafsi
valsi,1025,different,rafsi
valsi,1026,different,rafsi
valsi,1027,different,rafsi
valsi,1028,different,rafsi
valsi,1029,different,rafsi
valsi,103,different,rafsi
valsi,1030,different,rafsi
valsi,1031,different,rafsi
valsi,1032,different,rafsi
valsi,1033,different,rafsi
valsi,1034,different,rafsi
valsi,1035,different,rafsi
valsi,1036,different,rafsi
valsi,1037,different,rafsi
valsi,1038,different,rafsi
valsi,1039,different,rafsi
valsi,104,different,rafsi
valsi,1040,different,rafsi
valsi,1041,different,rafsi
valsi,1042,different,rafsi
valsi,1043,different,rafsi
valsi,1044,different,rafsi
valsi,1045,different,rafsi
valsi,1046,different,rafsi
valsi,1047,different,rafsi
valsi,1048,different,rafsi
valsi,1049,different,rafsi
valsi,105,different,rafsi
valsi,1050,different,rafsi
valsi,1051,different,rafsi
valsi,1052,different,rafsi
valsi,1053,different,rafsi
valsi,1054,different,rafsi
valsi,1055,different,rafsi
valsi,1056,different,rafsi
valsi,1057,different,rafsi
valsi,1058,different,rafsi
valsi,1059,different,rafsi
valsi,106,different,rafsi
valsi,1060,different,rafsi
valsi,1061,different,rafsi
valsi,1062,different,rafsi
valsi,1063,different,rafsi
valsi,1064,different,rafsi
valsi,1065,different,rafsi
valsi,1066,different,rafsi
valsi,1067,different,rafsi
valsi,1068,different,rafsi
valsi,1069,different,rafsi
valsi,107,different,rafsi
valsi,1070,different,rafsi
valsi,1071,different,rafsi
valsi,1072,different,rafsi
valsi,1073,different,rafsi
valsi,1074,different,rafsi
valsi,1075,different,rafsi
valsi,1076,different,rafsi
valsi,1077,different,rafsi
valsi,1078,different,rafsi
valsi,1079,different,rafsi
valsi,108,different,rafsi
valsi,1080,different,rafsi
valsi,1081,different,rafsi
valsi,1082,different,rafsi
valsi,1083,different,rafsi
valsi,1084,different,rafsi
valsi,1085,different,rafsi
valsi,1086,different,rafsi
valsi,1087,different,rafsi
valsi,1088,different,rafsi
valsi,1089,different,rafsi
valsi,109,different,rafsi
valsi,1090,different,rafsi
valsi,1091,different,rafsi
valsi,1092,different,rafsi
valsi,1093,different,rafsi
valsi,1094,different,rafsi
valsi,1095,different,rafsi
valsi,1096,different,rafsi
valsi,1097,different,rafsi
valsi,1098,different,rafsi
valsi,1099,different,rafsi
valsi,11,different,rafsi
valsi,110,different,rafsi
valsi,1100,different,rafsi
valsi,1101,different,rafsi
valsi,1102,different,rafsi
valsi,1103,different,rafsi
valsi,1104,different,rafsi
valsi,1105,different,rafsi
valsi,1106,different,rafsi
valsi,1107,different,rafsi
valsi,1108,different,rafsi
valsi,1109,different,rafsi
valsi,111,different,rafsi
valsi,1110,different,rafsi
valsi,1111,different,rafsi
valsi,1112,different,rafsi
valsi,1113,different,rafsi
valsi,1114,different,rafsi
valsi,1115,different,rafsi
valsi,1116,different,rafsi
valsi,1117,different,rafsi
valsi,1118,different,rafsi
valsi,1119,different,rafsi
valsi,112,different,rafsi
valsi,1120,different,rafsi
valsi,1121,different,rafsi
valsi,1122,different,rafsi
valsi,1123,different,rafsi
valsi,1124,different,rafsi
valsi,1125,different,rafsi
valsi,1126,different,rafsi
valsi,1127,different,rafsi
valsi,1128,different,rafsi
valsi,1129,different,rafsi
valsi,113,different,rafsi
valsi,1130,different,rafsi
valsi,1131,different,rafsi
valsi,1132,different,rafsi
valsi,1133,different,rafsi
valsi,1134,different,rafsi
valsi,1135,different,rafsi
valsi,1136,different,rafsi
valsi,1137,different,rafsi
valsi,1138,different,rafsi
valsi,1139,different,rafsi
valsi,114,different,rafsi
valsi,1140,different,rafsi
valsi,1141,different,rafsi
valsi,1142,different,rafsi
valsi,1143,different,rafsi
valsi,1144,different,rafsi
valsi,1145,different,rafsi
valsi,1146,different,rafsi
valsi,1147,different,rafsi
valsi,1148,different,rafsi
valsi,1149,different,rafsi
valsi,115,different,rafsi
valsi,1150,different,rafsi
valsi,1151,different,rafsi
valsi,1152,different,rafsi
valsi,1153,different,rafsi
valsi,1154,different,rafsi
valsi,1155,different,rafsi
valsi,1156,different,rafsi
valsi,1157,different,rafsi
valsi,1158,different,rafsi
valsi,1159,different,rafsi
valsi,116,different,rafsi
valsi,1160,different,rafsi
valsi,1161,different,rafsi
valsi,1162,different,rafsi
valsi,1163,different,rafsi
valsi,1164,different,rafsi
valsi,1165,different,rafsi
valsi,1166,different,rafsi
valsi,1167,different,rafsi
valsi,1168,different,rafsi
valsi,1169,different,rafsi
valsi,117,different,rafsi
valsi,1170,different,rafsi
valsi,1171,different,rafsi
valsi,1172,different,rafsi
valsi,1173,different,rafsi
valsi,1174,different,rafsi
valsi,1175,different,rafsi
valsi,1176,different,rafsi
valsi,1177,different,rafsi
valsi,1178,different,rafsi
valsi,1179,different,rafsi
valsi,118,different,rafsi
valsi,1180,different,rafsi
valsi,1181,different,rafsi
valsi,1182,different,rafsi
valsi,1183,different,rafsi
valsi,1184,different,rafsi
valsi,1185,different,rafsi
valsi,1186,different,rafsi
valsi,1187,different,rafsi
valsi,1188,different,rafsi
valsi,1189,different,rafsi
valsi,119,different,rafsi
valsi,1190,different,rafsi
valsi,1191,different,rafsi
valsi,1192,different,rafsi
valsi,1193,different,rafsi
valsi,1194,different,rafsi
valsi,1195,different,rafsi
valsi,1196,different,rafsi
valsi,1197,different,rafsi
valsi,1198,different,rafsi
valsi,1199,different,rafsi
valsi,12,different,rafsi
valsi,120,different,rafsi
valsi,1200,different,rafsi
valsi,1201,different,rafsi
valsi,1202,different,rafsi
valsi,1203,different,rafsi
valsi,1204,different,rafsi
valsi,1205,different,rafsi
valsi,1206,different,rafsi
valsi,1207,different,rafsi
valsi,1208,different,rafsi
valsi,1209,different,rafsi
valsi,121,different,rafsi
valsi,1210,different,rafsi
valsi,1211,different,rafsi
valsi,1212,different,rafsi
valsi,1213,different,rafsi
valsi,1214,different,rafsi
valsi,1215,different,rafsi
valsi,1216,different,rafsi
valsi,1217,different,rafsi
valsi,1218,different,rafsi
valsi,1219,different,rafsi
valsi,122,different,rafsi
valsi,1220,different,rafsi
valsi,1221,different,rafsi
valsi,1222,different,rafsi
valsi,1223,different,rafsi
valsi,1224,different,rafsi
valsi,1225,different,rafsi
valsi,1226,different,rafsi
valsi,1227,different,rafsi
valsi,1228,different,rafsi
valsi,1229,different,rafsi
valsi,123,different,rafsi
valsi,1230,different,rafsi
valsi,1231,different,rafsi
valsi,1232,different,rafsi
valsi,1233,different,rafsi
valsi,1234,different,rafsi
valsi,1235,different,rafsi
valsi,1236,different,rafsi
valsi,1237,different,rafsi
valsi,1238,different,rafsi
valsi,1239,different,rafsi
valsi,124,different,rafsi
valsi,1240,different,rafsi
valsi,1241,different,rafsi
valsi,1242,different,rafsi
valsi,1243,different,rafsi
valsi,1244,different,rafsi
valsi,1245,different,rafsi
valsi,1246,different,rafsi
valsi,1247,different,rafsi
valsi,1248,different,rafsi
valsi,1249,different,rafsi
valsi,125,different,rafsi
valsi,1250,different,rafsi
valsi,1251,different,rafsi
valsi,1252,different,rafsi
valsi,1253,different,rafsi
valsi,1254,different,rafsi
valsi,1255,different,rafsi
valsi,1256,different,rafsi
valsi,1257,different,rafsi
valsi,1258,different,rafsi
valsi,1259,different,rafsi
valsi,126,different,rafsi
valsi,1260,different,rafsi
valsi,1261,different,rafsi
valsi,1262,different,rafsi
valsi,1263,different,rafsi
valsi,1264,different,rafsi
valsi,1265,different,rafsi
valsi,1266,different,rafsi
valsi,1267,different,rafsi
valsi,1268,different,rafsi
valsi,1269,different,rafsi
valsi,127,different,rafsi
valsi,1270,different,rafsi
valsi,1271,different,rafsi
valsi,1272,different,rafsi
valsi,1273,different,rafsi
valsi,1274,different,rafsi
valsi,1275,different,rafsi
valsi,1276,different,rafsi
valsi,1277,different,rafsi
valsi,1278,different,rafsi
valsi,1279,different,rafsi
valsi,128,different,rafsi
valsi,1280,different,rafsi
valsi,1281,different,rafsi
valsi,1282,different,rafsi
valsi,1283,different,rafsi
valsi,1284,different,rafsi
valsi,1285,different,rafsi
valsi,1286,different,rafsi
valsi,1287,different,rafsi
valsi,1288,different,rafsi
valsi,1289,different,rafsi
valsi,129,different,rafsi
valsi,1290,different,rafsi
valsi,1291,different,rafsi
valsi,1292,different,rafsi
valsi,1293,different,rafsi
valsi,1294,different,rafsi
valsi,1295,different,rafsi
valsi,1296,different,rafsi
valsi,1297,different,rafsi
valsi,1298,different,rafsi
valsi,1299,different,rafsi
valsi,13,different,rafsi
valsi,130,different,rafsi
valsi,1300,different,rafsi
valsi,1301,different,rafsi
valsi,1302,different,rafsi
valsi,1303,different,rafsi
valsi,1304,different,rafsi
valsi,1305,different,rafsi
valsi,1306,different,rafsi
valsi,1307,different,rafsi
valsi,1308,different,rafsi
valsi,1309,different,rafsi
valsi,131,different,rafsi
valsi,1310,different,rafsi
valsi,1311,different,rafsi
valsi,1312,different,rafsi
valsi,1313,different,rafsi
valsi,1314,different,rafsi
valsi,1315,different,rafsi
valsi,1316,different,rafsi
valsi,1317,different,rafsi
valsi,1318,different,rafsi
valsi,1319,different,rafsi
valsi,132,different,rafsi
valsi,1320,different,rafsi
valsi,1321,different,rafsi
valsi,1322,different,rafsi
valsi,1323,different,rafsi
valsi,1324,different,rafsi
valsi,1325,different,rafsi
valsi,1326,different,rafsi
valsi,1327,different,rafsi
valsi,1328,different,rafsi
valsi,1329,different,rafsi
valsi,133,different,rafsi
valsi,1330,different,rafsi
valsi,1331,different,rafsi
valsi,1332,different,rafsi
valsi,1333,different,rafsi
valsi,1334,different,rafsi
valsi,1335,different,rafsi
valsi,1336,different,rafsi
valsi,1337,different,rafsi
valsi,1338,different,rafsi
valsi,134,different,rafsi
valsi,135,different,rafsi
valsi,136,different,rafsi
valsi,137,different,rafsi
valsi,138,different,rafsi
valsi,139,different,rafsi
valsi,14,different,rafsi
valsi,140,different,rafsi
valsi,141,different,rafsi
valsi,142,different,rafsi
valsi,143,different,rafsi
valsi,144,different,rafsi
valsi,145,different,rafsi
valsi,146,different,rafsi
valsi,147,different,rafsi
valsi,148,different,rafsi
valsi,149,different,rafsi
valsi,15,different,rafsi
valsi,150,different,rafsi
valsi,151,different,rafsi
valsi,152,different,rafsi
valsi,153,different,rafsi
valsi,154,different,rafsi
valsi,155,different,rafsi
valsi,156,different,rafsi
valsi,157,different,rafsi
valsi,158,different,rafsi
valsi,159,different,rafsi
valsi,16,different,rafsi
valsi,160,different,rafsi
valsi,161,different,rafsi
valsi,162,different,rafsi
valsi,163,different,rafsi
valsi,164,different,rafsi
valsi,165,different,rafsi
valsi,166,different,rafsi
valsi,167,different,rafsi
valsi,168,different,rafsi
valsi,169,different,rafsi
valsi,17,different,rafsi
valsi,170,different,rafsi
valsi,171,different,rafsi
valsi,172,different,rafsi
valsi,173,different,rafsi
valsi,174,different,rafsi
valsi,175,different,rafsi
valsi,176,different,rafsi
valsi,177,different,rafsi
valsi,178,different,rafsi
valsi,179,different,rafsi
valsi,18,different,rafsi
valsi,180,different,rafsi
valsi,181,different,rafsi
valsi,182,different,rafsi
valsi,183,different,rafsi
valsi,184,different,rafsi
valsi,185,different,rafsi
valsi,186,different,rafsi
valsi,187,different,rafsi
valsi,188,different,rafsi
valsi,189,different,rafsi
valsi,19,different,rafsi
valsi,190,different,rafsi
valsi,191,different,rafsi
valsi,192,different,rafsi
valsi,193,different,rafsi
valsi,194,different,rafsi
valsi,195,different,rafsi
valsi,196,different,rafsi
valsi,197,different,rafsi
valsi,198,different,rafsi
valsi,199,different,rafsi
valsi,2,different,rafsi
valsi,20,different,rafsi
valsi,200,different,rafsi
valsi,201,different,rafsi
valsi,202,different,rafsi
valsi,203,different,rafsi
valsi,204,different,rafsi
valsi,205,different,rafsi
valsi,206,different,rafsi
valsi,207,different,rafsi
valsi,208,different,rafsi
valsi,209,different,rafsi
valsi,21,different,rafsi
valsi,210,different,rafsi
valsi,211,different,rafsi
valsi,212,different,rafsi
valsi,213,different,rafsi
valsi,214,different,rafsi
valsi,215,different,rafsi
valsi,216,different,rafsi
valsi,217,different,rafsi
valsi,218,different,rafsi
valsi,219,different,rafsi
valsi,22,different,rafsi
valsi,220,different,rafsi
valsi,221,different,rafsi
valsi,222,different,rafsi
valsi,223,different,rafsi
valsi,224,different,rafsi
valsi,225,different,rafsi
valsi,226,different,rafsi
valsi,227,different,rafsi
valsi,228,different,rafsi
valsi,229,different,rafsi
valsi,23,different,rafsi
valsi,230,different,rafsi
valsi,231,different,rafsi
valsi,232,different,rafsi
valsi,233,different,rafsi
valsi,234,different,rafsi
valsi,235,different,rafsi
valsi,236,different,rafsi
valsi,237,different,rafsi
valsi,238,different,rafsi
valsi,239,different,rafsi
valsi,2392,different,rafsi
valsi,24,different,rafsi
valsi,240,different,rafsi
valsi,241,different,rafsi
valsi,242,different,rafsi
valsi,243,different,rafsi
valsi,244,different,rafsi
valsi,245,different,rafsi
valsi,246,different,rafsi
valsi,247,different,rafsi
valsi,248,different,rafsi
valsi,249,different,rafsi
valsi,25,different,rafsi
valsi,250,different,rafsi
valsi,2500,different,rafsi
valsi,251,different,rafsi
valsi,252,different,rafsi
valsi,253,different,rafsi
valsi,254,different,rafsi
valsi,255,different,rafsi
valsi,256,different,rafsi
valsi,257,different,rafsi
valsi,258,different,rafsi
valsi,259,different,rafsi
valsi,26,different,rafsi
valsi,260,different,rafsi
valsi,261,different,rafsi
valsi,262,different,rafsi
valsi,263,different,rafsi
valsi,264,different,rafsi
valsi,265,different,rafsi
valsi,266,different,rafsi
valsi,267,different,rafsi
valsi,268,different,rafsi
valsi,269,different,rafsi
valsi,27,different,rafsi
valsi,270,different,rafsi
valsi,271,different,rafsi
valsi,272,different,rafsi
valsi,273,different,rafsi
valsi,274,different,rafsi
valsi,275,different,rafsi
valsi,276,different,rafsi
valsi,277,different,rafsi
valsi,278,different,rafsi
valsi,279,different,rafsi
valsi,28,different,rafsi
valsi,280,different,rafsi
valsi,281,different,rafsi
valsi,282,different,rafsi
valsi,283,different,rafsi
valsi,284,different,rafsi
valsi,285,different,rafsi
valsi,286,different,rafsi
valsi,287,different,rafsi
valsi,288,different,rafsi
valsi,289,different,rafsi
valsi,29,different,rafsi
valsi,290,different,rafsi
valsi,291,different,rafsi
valsi,292,different,rafsi
valsi,293,different,rafsi
valsi,294,different,rafsi
valsi,295,different,rafsi
valsi,296,different,rafsi
valsi,297,different,rafsi
valsi,298,different,rafsi
valsi,299,different,rafsi
valsi,3,different,rafsi
valsi,30,different,rafsi
valsi,300,different,rafsi
valsi,301,different,rafsi
valsi,302,different,rafsi
valsi,303,different,rafsi
valsi,304,different,rafsi
valsi,305,different,rafsi
valsi,306,different,rafsi
valsi,307,different,rafsi
valsi,308,different,rafsi
valsi,309,different,rafsi
valsi,31,different,rafsi
valsi,310,different,rafsi
valsi,311,different,rafsi
valsi,312,different,rafsi
valsi,313,different,rafsi
valsi,314,different,rafsi
valsi,315,different,rafsi
valsi,316,different,rafsi
valsi,317,different,rafsi
valsi,318,different,rafsi
valsi,319,different,rafsi
valsi,32,different,rafsi
valsi,320,different,rafsi
valsi,321,different,rafsi
valsi,322,different,rafsi
valsi,323,different,rafsi
valsi,324,different,rafsi
valsi,325,different,rafsi
valsi,326,different,rafsi
valsi,327,different,rafsi
valsi,328,different,rafsi
valsi,329,different,rafsi
valsi,33,different,rafsi
valsi,330,different,rafsi
valsi,331,different,rafsi
valsi,332,different,rafsi
valsi,333,different,rafsi
valsi,334,different,rafsi
valsi,335,different,rafsi
valsi,336,different,rafsi
valsi,337,different,rafsi
valsi,338,different,rafsi
valsi,339,different,rafsi
valsi,34,different,rafsi
valsi,340,different,rafsi
valsi,341,different,rafsi
valsi,342,different,rafsi
valsi,343,different,rafsi
valsi,344,different,rafsi
valsi,345,different,rafsi
valsi,346,different,rafsi
valsi,347,different,rafsi
valsi,348,different,rafsi
valsi,349,different,rafsi
valsi,35,different,rafsi
valsi,350,different,rafsi
valsi,351,different,rafsi
valsi,352,different,rafsi
valsi,353,different,rafsi
valsi,354,different,rafsi
valsi,355,different,rafsi
valsi,356,different,rafsi
valsi,357,different,rafsi
valsi,358,different,rafsi
valsi,359,different,rafsi
valsi,36,different,rafsi
valsi,360,different,rafsi
valsi,361,different,rafsi
valsi,362,different,rafsi
valsi,363,different,rafsi
valsi,364,different,rafsi
valsi,365,different,rafsi
valsi,366,different,rafsi
valsi,367,different,rafsi
valsi,368,different,rafsi
valsi,369,different,rafsi
valsi,37,different,rafsi
valsi,370,different,rafsi
valsi,371,different,rafsi
valsi,372,different,rafsi
valsi,373,different,rafsi
valsi,374,different,rafsi
valsi,375,different,rafsi
valsi,376,different,rafsi
valsi,377,different,rafsi
valsi,378,different,rafsi
valsi,379,different,rafsi
valsi,38,different,rafsi
valsi,380,different,rafsi
valsi,381,different,rafsi
valsi,382,different,rafsi
valsi,383,different,rafsi
valsi,384,different,rafsi
valsi,385,different,rafsi
valsi,386,different,rafsi
valsi,387,different,rafsi
valsi,388,different,rafsi
valsi,389,different,rafsi
valsi,39,different,rafsi
valsi,390,different,rafsi
valsi,391,different,rafsi
valsi,392,different,rafsi
valsi,393,different,rafsi
valsi,394,different,rafsi
valsi,395,different,rafsi
valsi,396,different,rafsi
valsi,397,different,rafsi
valsi,398,different,rafsi
valsi,399,different,rafsi
valsi,4,different,rafsi
valsi,40,different,rafsi
valsi,400,different,rafsi
valsi,401,different,rafsi
valsi,402,different,rafsi
valsi,403,different,rafsi
valsi,404,different,rafsi
valsi,405,different,rafsi
valsi,406,different,rafsi
valsi,407,different,rafsi
valsi,408,different,rafsi
valsi,409,different,rafsi
valsi,41,different,rafsi
valsi,410,different,rafsi
valsi,411,different,rafsi
valsi,412,different,rafsi
valsi,413,different,rafsi
valsi,414,different,rafsi
valsi,415,different,rafsi
valsi,416,different,rafsi
valsi,417,different,rafsi
valsi,418,different,rafsi
valsi,419,different,rafsi
valsi,42,different,rafsi
valsi,420,different,rafsi
valsi,421,different,rafsi
valsi,422,different,rafsi
valsi,423,different,rafsi
valsi,424,different,rafsi
valsi,425,different,rafsi
valsi,426,different,rafsi
valsi,427,different,rafsi
valsi,428,different,rafsi
valsi,429,different,rafsi
valsi,43,different,rafsi
valsi,430,different,rafsi
valsi,431,different,rafsi
valsi,432,different,rafsi
valsi,433,different,rafsi
valsi,434,different,rafsi
valsi,435,different,rafsi
valsi,436,different,rafsi
valsi,437,different,rafsi
valsi,438,different,rafsi
valsi,439,different,rafsi
valsi,44,different,rafsi
valsi,440,different,rafsi
valsi,441,different,rafsi
valsi,442,different,rafsi
valsi,443,different,rafsi
valsi,444,different,rafsi
valsi,445,different,rafsi
valsi,446,different,rafsi
valsi,447,different,rafsi
valsi,448,different,rafsi
valsi,449,different,rafsi
valsi,45,different,rafsi
valsi,450,different,rafsi
valsi,451,different,rafsi
valsi,452,different,rafsi
valsi,453,different,rafsi
valsi,454,different,rafsi
valsi,455,different,rafsi
valsi,456,different,rafsi
valsi,457,different,rafsi
valsi,458,different,rafsi
valsi,459,different,rafsi
valsi,46,different,rafsi
valsi,460,different,rafsi
valsi,461,different,rafsi
valsi,462,different,rafsi
valsi,463,different,rafsi
valsi,464,different,rafsi
valsi,465,different,rafsi
valsi,466,different,rafsi
valsi,467,different,rafsi
valsi,468,different,rafsi
valsi,469,different,rafsi
valsi,47,different,rafsi
valsi,470,different,rafsi
valsi,471,different,rafsi
valsi,472,different,rafsi
valsi,473,different,rafsi
valsi,474,different,rafsi
valsi,475,different,rafsi
valsi,476,different,rafsi
valsi,477,different,rafsi
valsi,478,different,rafsi
valsi,479,different,rafsi
valsi,48,different,rafsi
valsi,480,different,rafsi
valsi,481,different,rafsi
valsi,482,different,rafsi
valsi,483,different,rafsi
valsi,484,different,rafsi
valsi,485,different,rafsi
valsi,486,different,rafsi
valsi,487,different,rafsi
valsi,488,different,rafsi
valsi,489,different,rafsi
valsi,49,different,rafsi
valsi,490,different,rafsi
valsi,491,different,rafsi
valsi,492,different,rafsi
valsi,493,different,rafsi
valsi,494,different,rafsi
valsi,495,different,rafsi
valsi,496,different,rafsi
valsi,497,different,rafsi
valsi,498,different,rafsi
valsi,499,different,rafsi
valsi,5,different,rafsi
valsi,50,different,rafsi
valsi,500,different,rafsi
valsi,501,different,rafsi
valsi,502,different,rafsi
valsi,503,different,rafsi
valsi,504,different,rafsi
valsi,505,different,rafsi
valsi,506,different,rafsi
valsi,507,different,rafsi
valsi,508,different,rafsi
valsi,509,different,rafsi
valsi,51,different,rafsi
valsi,510,different,rafsi
valsi,511,different,rafsi
valsi,512,different,rafsi
valsi,513,different,rafsi
valsi,514,different,rafsi
valsi,515,different,rafsi
valsi,516,different,rafsi
valsi,517,different,rafsi
valsi,518,different,rafsi
valsi,519,different,rafsi
valsi,52,different,rafsi
valsi,520,different,rafsi
valsi,521,different,rafsi
valsi,522,different,rafsi
valsi,523,different,rafsi
valsi,524,different,rafsi
valsi,525,different,rafsi
valsi,526,different,rafsi
valsi,527,different,rafsi
valsi,528,different,rafsi
valsi,529,different,rafsi
valsi,53,different,rafsi
valsi,530,different,rafsi
valsi,531,different,rafsi
valsi,532,different,rafsi
valsi,533,different,rafsi
valsi,534,different,rafsi
valsi,535,different,rafsi
valsi,536,different,rafsi
valsi,537,different,rafsi
valsi,538,different,rafsi
valsi,539,different,rafsi
valsi,54,different,rafsi
valsi,540,different,rafsi
valsi,541,different,rafsi
valsi,542,different,rafsi
valsi,543,different,rafsi
valsi,544,different,rafsi
valsi,545,different,rafsi
valsi,546,different,rafsi
valsi,547,different,rafsi
valsi,548,different,rafsi
valsi,549,different,rafsi
valsi,55,different,rafsi
valsi,550,different,rafsi
valsi,551,different,rafsi
valsi,552,different,rafsi
valsi,553,different,rafsi
valsi,554,different,rafsi
valsi,555,different,rafsi
valsi,556,different,rafsi
valsi,557,different,rafsi
valsi,558,different,rafsi
valsi,559,different,rafsi
valsi,56,different,rafsi
valsi,560,different,rafsi
valsi,561,different,rafsi
valsi,562,different,rafsi
valsi,563,different,rafsi
valsi,564,different,rafsi
valsi,565,different,rafsi
valsi,566,different,rafsi
valsi,567,different,rafsi
valsi,568,different,rafsi
valsi,569,different,rafsi
valsi,57,different,rafsi
valsi,570,different,rafsi
valsi,571,different,rafsi
valsi,572,different,rafsi
valsi,573,different,rafsi
valsi,574,different,rafsi
valsi,575,different,rafsi
valsi,576,different,rafsi
valsi,577,different,rafsi
valsi,578,different,rafsi
valsi,579,different,rafsi
valsi,58,different,rafsi
valsi,580,different,rafsi
valsi,581,different,rafsi
valsi,582,different,rafsi
valsi,583,different,rafsi
valsi,584,different,rafsi
valsi,585,different,rafsi
valsi,586,different,rafsi
valsi,587,different,rafsi
valsi,588,different,rafsi
valsi,589,different,rafsi
valsi,59,different,rafsi
valsi,590,different,rafsi
valsi,591,different,rafsi
valsi,592,different,rafsi
valsi,593,different,rafsi
valsi,594,different,rafsi
valsi,595,different,rafsi
valsi,596,different,rafsi
valsi,597,different,rafsi
valsi,598,different,rafsi
valsi,599,different,rafsi
valsi,6,different,rafsi
valsi,60,different,rafsi
valsi,600,different,rafsi
valsi,601,different,rafsi
valsi,602,different,rafsi
valsi,603,different,rafsi
valsi,604,different,rafsi
valsi,605,different,rafsi
valsi,606,different,rafsi
valsi,607,different,rafsi
valsi,608,different,rafsi
valsi,609,different,rafsi
valsi,61,different,rafsi
valsi,610,different,rafsi
valsi,611,different,rafsi
valsi,612,different,rafsi
valsi,613,different,rafsi
valsi,614,different,rafsi
valsi,615,different,rafsi
valsi,616,different,rafsi
valsi,617,different,rafsi
valsi,618,different,rafsi
valsi,619,different,rafsi
valsi,62,different,rafsi
valsi,620,different,rafsi
valsi,621,different,rafsi
valsi,622,different,rafsi
valsi,623,different,rafsi
valsi,624,different,rafsi
valsi,625,different,rafsi
valsi,626,different,rafsi
valsi,627,different,rafsi
valsi,628,different,rafsi
valsi,629,different,rafsi
valsi,63,different,rafsi
valsi,630,different,rafsi
valsi,631,different,rafsi
valsi,632,different,rafsi
valsi,633,different,rafsi
valsi,634,different,rafsi
valsi,635,different,rafsi
valsi,636,different,rafsi
valsi,637,different,rafsi
valsi,638,different,rafsi
valsi,639,different,rafsi
valsi,64,different,rafsi
valsi,640,different,rafsi
valsi,641,different,rafsi
valsi,642,different,rafsi
valsi,643,different,rafsi
valsi,644,different,rafsi
valsi,645,different,rafsi
valsi,646,different,rafsi
valsi,647,different,rafsi
valsi,648,different,rafsi
valsi,649,different,rafsi
valsi,65,different,rafsi
valsi,650,different,rafsi
valsi,651,different,rafsi
valsi,652,different,rafsi
valsi,653,different,rafsi
valsi,654,different,rafsi
valsi,655,different,rafsi
valsi,656,different,rafsi
valsi,657,different,rafsi
valsi,658,different,rafsi
valsi,659,different,rafsi
valsi,66,different,rafsi
valsi,660,different,rafsi
valsi,661,different,rafsi
valsi,662,different,rafsi
valsi,663,different,rafsi
valsi,664,different,rafsi
valsi,665,different,rafsi
valsi,666,different,rafsi
valsi,667,different,rafsi
valsi,668,different,rafsi
valsi,669,different,rafsi
valsi,67,different,rafsi
valsi,670,different,rafsi
valsi,671,different,rafsi
valsi,672,different,rafsi
valsi,673,different,rafsi
valsi,674,different,rafsi
valsi,675,different,rafsi
valsi,676,different,rafsi
valsi,677,different,rafsi
valsi,678,different,rafsi
valsi,679,different,rafsi
valsi,68,different,rafsi
valsi,680,different,rafsi
valsi,681,different,rafsi
valsi,682,different,rafsi
valsi,683,different,rafsi
valsi,684,different,rafsi
valsi,685,different,rafsi
valsi,686,different,rafsi
valsi,687,different,rafsi
valsi,688,different,rafsi
valsi,689,different,rafsi
valsi,69,different,rafsi
valsi,690,different,rafsi
valsi,691,different,rafsi
valsi,692,different,rafsi
valsi,693,different,rafsi
valsi,694,different,rafsi
valsi,695,different,rafsi
valsi,696,different,rafsi
valsi,697,different,rafsi
valsi,698,different,rafsi
valsi,699,different,rafsi
valsi,7,different,rafsi
valsi,70,different,rafsi
valsi,700,different,rafsi
valsi,701,different,rafsi
valsi,702,different,rafsi
valsi,703,different,rafsi
valsi,704,different,rafsi
valsi,705,different,rafsi
valsi,706,different,rafsi
valsi,707,different,rafsi
valsi,708,different,rafsi
valsi,709,different,rafsi
valsi,71,different,rafsi
valsi,710,different,rafsi
valsi,711,different,rafsi
valsi,712,different,rafsi
valsi,713,different,rafsi
valsi,714,different,rafsi
valsi,715,different,rafsi
valsi,716,different,rafsi
valsi,717,different,rafsi
valsi,718,different,rafsi
valsi,719,different,rafsi
valsi,72,different,rafsi
valsi,720,different,rafsi
valsi,721,different,rafsi
valsi,722,different,rafsi
valsi,723,different,rafsi
valsi,724,different,rafsi
valsi,725,different,rafsi
valsi,726,different,rafsi
valsi,727,different,rafsi
valsi,728,different,rafsi
valsi,729,different,rafsi
valsi,73,different,rafsi
valsi,730,different,rafsi
valsi,731,different,rafsi
valsi,732,different,rafsi
valsi,733,different,rafsi
valsi,734,different,rafsi
valsi,735,different,rafsi
valsi,736,different,rafsi
valsi,737,different,rafsi
valsi,738,different,rafsi
valsi,739,different,rafsi
valsi,74,different,rafsi
valsi,740,different,rafsi
valsi,741,different,rafsi
valsi,742,different,rafsi
valsi,743,different,rafsi
valsi,744,different,rafsi
valsi,745,different,rafsi
valsi,746,different,rafsi
valsi,747,different,rafsi
valsi,748,different,rafsi
valsi,749,different,rafsi
valsi,75,different,rafsi
valsi,750,different,rafsi
valsi,751,different,rafsi
valsi,752,different,rafsi
valsi,753,different,rafsi
valsi,754,different,rafsi
valsi,755,different,rafsi
valsi,756,different,rafsi
valsi,757,different,rafsi
valsi,758,different,rafsi
valsi,759,different,rafsi
valsi,760,different,rafsi
valsi,761,different,rafsi
valsi,762,different,rafsi
valsi,763,different,rafsi
valsi,764,different,rafsi
valsi,765,different,rafsi
valsi,766,different,rafsi
valsi,767,different,rafsi
valsi,768,different,rafsi
valsi,769,different,rafsi
valsi,77,different,rafsi
valsi,770,different,rafsi
valsi,771,different,rafsi
valsi,772,different,rafsi
valsi,773,different,rafsi
valsi,774,different,rafsi
valsi,775,different,rafsi
valsi,776,different,rafsi
valsi,777,different,rafsi
valsi,778,different,rafsi
valsi,779,different,rafsi
valsi,78,different,rafsi
valsi,780,different,rafsi
valsi,781,different,rafsi
valsi,782,different,rafsi
valsi,783,different,rafsi
valsi,784,different,rafsi
valsi,785,different,rafsi
valsi,786,different,rafsi
valsi,787,different,rafsi
valsi,788,different,rafsi
valsi,789,different,rafsi
valsi,79,different,rafsi
valsi,790,different,rafsi
valsi,791,different,rafsi
valsi,792,different,rafsi
valsi,793,different,rafsi
valsi,794,different,rafsi
valsi,795,different,rafsi
valsi,796,different,rafsi
valsi,797,different,rafsi
valsi,798,different,rafsi
valsi,799,different,rafsi
valsi,8,different,rafsi
valsi,80,different,rafsi
valsi,800,different,rafsi
valsi,801,different,rafsi
valsi,802,different,rafsi
valsi,803,different,rafsi
valsi,804,different,rafsi
valsi,805,different,rafsi
valsi,806,different,rafsi
valsi,807,different,rafsi
valsi,808,different,rafsi
valsi,809,different,rafsi
valsi,81,different,rafsi
valsi,810,different,rafsi
valsi,811,different,rafsi
valsi,812,different,rafsi
valsi,813,different,rafsi
valsi,814,different,rafsi
valsi,815,different,rafsi
valsi,816,different,rafsi
valsi,817,different,rafsi
valsi,818,different,rafsi
valsi,819,different,rafsi
valsi,82,different,rafsi
valsi,820,different,rafsi
valsi,821,different,rafsi
valsi,822,different,rafsi
valsi,823,different,rafsi
valsi,824,different,rafsi
valsi,825,different,rafsi
valsi,826,different,rafsi
valsi,827,different,rafsi
valsi,828,different,rafsi
valsi,829,different,rafsi
valsi,83,different,rafsi
valsi,830,different,rafsi
valsi,831,different,rafsi
valsi,832,different,rafsi
valsi,833,different,rafsi
valsi,834,different,rafsi
valsi,835,different,rafsi
valsi,836,different,rafsi
valsi,837,different,rafsi
valsi,838,different,rafsi
valsi,839,different,rafsi
valsi,84,different,rafsi
valsi,840,different,rafsi
valsi,841,different,rafsi
valsi,842,different,rafsi
valsi,843,different,rafsi
valsi,844,different,rafsi
valsi,845,different,rafsi
valsi,846,different,rafsi
valsi,847,different,rafsi
valsi,848,different,rafsi
valsi,849,different,rafsi
valsi,85,different,rafsi
valsi,850,different,rafsi
valsi,851,different,rafsi
valsi,852,different,rafsi
valsi,853,different,rafsi
valsi,854,different,rafsi
valsi,855,different,rafsi
valsi,856,different,rafsi
valsi,857,different,rafsi
valsi,858,different,rafsi
valsi,859,different,rafsi
valsi,86,different,rafsi
valsi,860,different,rafsi
valsi,861,different,rafsi
valsi,862,different,rafsi
valsi,863,different,rafsi
valsi,864,different,rafsi
valsi,865,different,rafsi
valsi,866,different,rafsi
valsi,867,different,rafsi
valsi,868,different,rafsi
valsi,869,different,rafsi
valsi,87,different,rafsi
valsi,870,different,rafsi
valsi,871,different,rafsi
valsi,872,different,rafsi
valsi,873,different,rafsi
valsi,874,different,rafsi
valsi,875,different,rafsi
valsi,876,different,rafsi
valsi,877,different,rafsi
valsi,878,different,rafsi
valsi,879,different,rafsi
valsi,88,different,rafsi
valsi,880,different,rafsi
valsi,881,different,rafsi
valsi,882,different,rafsi
valsi,883,different,rafsi
valsi,884,different,rafsi
valsi,885,different,rafsi
valsi,886,different,rafsi
valsi,887,different,rafsi
valsi,888,different,rafsi
valsi,889,different,rafsi
valsi,89,different,rafsi
valsi,890,different,rafsi
valsi,891,different,rafsi
valsi,892,different,rafsi
valsi,893,different,rafsi
valsi,894,different,rafsi
valsi,895,different,rafsi
valsi,896,different,rafsi
valsi,897,different,rafsi
valsi,898,different,rafsi
valsi,899,different,rafsi
valsi,9,different,rafsi
valsi,90,different,rafsi
valsi,900,different,rafsi
valsi,901,different,rafsi
valsi,902,different,rafsi
valsi,903,different,rafsi
valsi,904,different,rafsi
valsi,905,different,rafsi
valsi,906,different,rafsi
valsi,907,different,rafsi
valsi,908,different,rafsi
valsi,909,different,rafsi
valsi,91,different,rafsi
valsi,910,different,rafsi
valsi,911,different,rafsi
valsi,912,different,rafsi
valsi,913,different,rafsi
valsi,914,different,rafsi
valsi,915,different,rafsi
valsi,916,different,rafsi
valsi,917,different,rafsi
valsi,918,different,rafsi
valsi,919,different,rafsi
valsi,92,different,rafsi
valsi,920,different,rafsi
valsi,921,different,rafsi
valsi,922,different,rafsi
valsi,923,different,rafsi
valsi,924,different,rafsi
valsi,925,different,rafsi
valsi,926,different,rafsi
valsi,927,different,rafsi
valsi,928,different,rafsi
valsi,929,different,rafsi
valsi,93,different,rafsi
valsi,930,different,rafsi
valsi,931,different,rafsi
valsi,932,different,rafsi
valsi,933,different,rafsi
valsi,934,different,rafsi
valsi,935,different,rafsi
valsi,936,different,rafsi
valsi,937,different,rafsi
valsi,938,different,rafsi
valsi,939,different,rafsi
valsi,94,different,rafsi
valsi,940,different,rafsi
valsi,941,different,rafsi
valsi,942,different,rafsi
valsi,943,different,rafsi
valsi,944,different,rafsi
valsi,945,different,rafsi
valsi,946,different,rafsi
valsi,947,different,rafsi
valsi,948,different,rafsi
valsi,949,different,rafsi
valsi,95,different,rafsi
valsi,950,different,rafsi
valsi,951,different,rafsi
valsi,952,different,rafsi
valsi,953,different,rafsi
valsi,954,different,rafsi
valsi,955,different,rafsi
valsi,956,different,rafsi
valsi,957,different,rafsi
valsi,958,different,rafsi
valsi,959,different,rafsi
valsi,96,different,rafsi
valsi,960,different,rafsi
valsi,961,different,rafsi
valsi,962,different,rafsi
valsi,963,different,rafsi
valsi,964,different,rafsi
valsi,965,different,rafsi
valsi,966,different,rafsi
valsi,967,different,rafsi
valsi,968,different,rafsi
valsi,969,different,rafsi
valsi,97,different,rafsi
valsi,970,different,rafsi
valsi,971,different,rafsi
valsi,972,different,rafsi
valsi,973,different,rafsi
valsi,974,different,rafsi
valsi,975,different,rafsi
valsi,976,different,rafsi
valsi,977,different,rafsi
valsi,978,different,rafsi
valsi,979,different,rafsi
valsi,98,different,rafsi
valsi,980,different,rafsi
valsi,981,different,rafsi
valsi,982,different,rafsi
valsi,983,different,rafsi
valsi,984,different,rafsi
valsi,985,different,rafsi
valsi,986,different,rafsi
valsi,987,different,rafsi
valsi,988,different,rafsi
valsi,989,different,rafsi
valsi,99,different,rafsi
valsi,990,different,rafsi
valsi,991,different,rafsi
valsi,992,different,rafsi
valsi,993,different,rafsi
valsi,994,different,rafsi
valsi,995,different,rafsi
valsi,996,different,rafsi
valsi,997,different,rafsi
valsi,998,different,rafsi
valsi,999,different,rafsi
