list,message_id,file,manifestation,reason
lojban-list,44114.326.1772.959273825@egroups.com,"mail/lojban-list/cur/946746989.30823e702bf3f741.jbomohi:2,S",old-lojban-list,"date header unusable: Sat, 1 Jan 100 13:29:20 -0500 (EST)"
lojban-list,44114.336.1811.959273825@egroups.com,"mail/lojban-list/cur/947990133.6c1f6de83a488b81.jbomohi:2,S",old-lojban-list,"date header unusable: Sun, 16 Jan 100 01:12:14 -0500 (EST)"
lojban-list,44114.348.1877.959273825@egroups.com,"mail/lojban-list/cur/949178628.7476bdf0776d5c80.jbomohi:2,S",old-lojban-list,"date header unusable: Sat, 29 Jan 100 16:01:52 -0500 (EST)"
lojban-list,44114.348.1880.959273825@egroups.com,"mail/lojban-list/cur/949179677.c06044d49cd3e9cb.jbomohi:2,S",old-lojban-list,"date header unusable: Sat, 29 Jan 100 16:25:10 -0500 (EST)"
lojban-list,44114.355.1927.959273825@egroups.com,"mail/lojban-list/cur/949770406.f2371dba87c5cfed.jbomohi:2,S",old-lojban-list,"date header unusable: Sat, 5 Feb 100 13:23:11 -0500 (EST)"
lojban-list,44114.355.1938.959273826@egroups.com,"mail/lojban-list/cur/949797337.3217881067e94a33.jbomohi:2,S",old-lojban-list,"date header unusable: Sat, 5 Feb 100 23:09:38 -0500 (EST)"
lojban-list,44114.355.1939.959273826@egroups.com,"mail/lojban-list/cur/949797337.0ab0ab3292bb6e85.jbomohi:2,S",old-lojban-list,"date header unusable: Sat, 5 Feb 100 23:27:23 -0500 (EST)"
lojban-list,44114.369.2039.959273826@egroups.com,"mail/lojban-list/cur/951001580.7be31ada9b74ef75.jbomohi:2,S",old-lojban-list,"date header unusable: Sat, 19 Feb 100 22:13:04 -0500 (EST)"
lojban-list,44114.383.2190.959273826@egroups.com,"mail/lojban-list/cur/952132753.13774e2158527489.jbomohi:2,S",old-lojban-list,"date header unusable: Fri, 3 Mar 100 20:57:04 -0500 (EST)"
