list,key,message_id,winner,winner_manifestation,loser,loser_manifestation
bpfk,id:17827717-e843-43da-aaef-d7d9f794375f@googlegroups.com,17827717-e843-43da-aaef-d7d9f794375f@googlegroups.com,"maildir-zip/bpfk/cur/1721691936.3122957_9.lebna:2,",lists-plain,maildir-zip/bpfk/new/1721691927.3122907_3.lebna,lists-plain
bpfk,id:200407282007.54183.phma@phma.hn.org,200407282007.54183.phma@phma.hn.org,"maildir-zip/bpfk/cur/1721692012.3123144_21.lebna:2,S",lists-plain,"maildir-zip/bpfk/cur/1721692911.3183680_5.lebna:2,S",lists-plain
bpfk,id:200407282043.50910.phma@phma.hn.org,200407282043.50910.phma@phma.hn.org,"maildir-zip/bpfk/cur/1721692012.3123144_25.lebna:2,S",lists-plain,"maildir-zip/bpfk/cur/1721692911.3183680_7.lebna:2,S",lists-plain
bpfk,id:200502150553.01735.phma@phma.hn.org,200502150553.01735.phma@phma.hn.org,"maildir-zip/bpfk/cur/1721692012.3123150_9.lebna:2,S",lists-plain,"maildir-zip/bpfk/cur/1721692916.3183686_3.lebna:2,S",lists-plain
bpfk,id:200706222003.22043.phma@phma.optus.nu,200706222003.22043.phma@phma.optus.nu,"maildir-zip/bpfk/cur/1721692013.3123158_45.lebna:2,S",lists-plain,"maildir-zip/bpfk/cur/1721692922.3183695_1.lebna:2,S",lists-plain
bpfk,id:20101017202931.gv25393@digitalkingdom.org,20101017202931.gv25393@digitalkingdom.org,"maildir-zip/bpfk/cur/1721692835.3172694_7.lebna:2,S",lists-plain,"maildir-zip/bpfk/cur/1721692931.3183727_559.lebna:2,S",lists-plain
bpfk,id:20101026063822.gk1105@digitalkingdom.org,20101026063822.gk1105@digitalkingdom.org,"maildir-zip/bpfk/cur/1721692931.3183727_589.lebna:2,S",lists-plain,"maildir-zip/bpfk/cur/1721692835.3172694_11.lebna:2,S",lists-plain
bpfk,id:20101026063932.gl1105@digitalkingdom.org,20101026063932.gl1105@digitalkingdom.org,"maildir-zip/bpfk/cur/1721692835.3172694_13.lebna:2,S",lists-plain,"maildir-zip/bpfk/cur/1721692931.3183727_591.lebna:2,S",lists-plain
bpfk,id:20101106031404.gx9301@digitalkingdom.org,20101106031404.gx9301@digitalkingdom.org,"maildir-zip/bpfk/cur/1721692932.3183728_41.lebna:2,S",lists-plain,"maildir-zip/bpfk/cur/1721692835.3172695_3.lebna:2,S",lists-plain
bpfk,id:20101106033028.gb12188@mercury.ccil.org,20101106033028.gb12188@mercury.ccil.org,"maildir-zip/bpfk/cur/1721692835.3172695_5.lebna:2,S",lists-plain,"maildir-zip/bpfk/cur/1721692932.3183728_43.lebna:2,S",lists-plain
bpfk,id:20101106144732.ga27601@mercury.ccil.org,20101106144732.ga27601@mercury.ccil.org,"maildir-zip/bpfk/cur/1721692835.3172695_9.lebna:2,S",lists-plain,"maildir-zip/bpfk/cur/1721692932.3183728_47.lebna:2,S",lists-plain
bpfk,id:20101225193023.gj8884@mercury.ccil.org,20101225193023.gj8884@mercury.ccil.org,"maildir-zip/bpfk/cur/1721692835.3172696_9.lebna:2,S",lists-plain,"maildir-zip/bpfk/cur/1721692932.3183729_113.lebna:2,S",lists-plain
bpfk,id:20111223224926.gb30739@stodi.digitalkingdom.org,20111223224926.gb30739@stodi.digitalkingdom.org,maildir-zip/bpfk/new/1721691926.3122898_11.lebna,lists-plain,"maildir-zip/bpfk/cur/1721691936.3122957_3.lebna:2,",lists-plain
bpfk,id:5.1.0.14.0.20040706182359.00abcb60@pop.east.cox.net,5.1.0.14.0.20040706182359.00abcb60@pop.east.cox.net,"maildir-zip/bpfk/cur/1721692012.3123144_11.lebna:2,S",lists-plain,"maildir-zip/bpfk/cur/1721692911.3183680_3.lebna:2,S",lists-plain
bpfk,id:5.1.0.14.0.20050214220556.03a3c260@pop.east.cox.net,5.1.0.14.0.20050214220556.03a3c260@pop.east.cox.net,"maildir-zip/bpfk/cur/1721692012.3123150_7.lebna:2,S",lists-plain,"maildir-zip/bpfk/cur/1721692916.3183686_1.lebna:2,S",lists-plain
bpfk,id:5.2.0.9.0.20040704010714.038eb1b0@pop.east.cox.net,5.2.0.9.0.20040704010714.038eb1b0@pop.east.cox.net,"maildir-zip/bpfk/cur/1721692012.3123144_3.lebna:2,S",lists-plain,"maildir-zip/bpfk/cur/1721692911.3183680_1.lebna:2,S",lists-plain
bpfk,id:80746897-bab0-11d7-a57e-003065d4ec72@optushome.com.au,80746897-bab0-11d7-a57e-003065d4ec72@optushome.com.au,"maildir-zip/bpfk/cur/1721692012.3123135_3.lebna:2,S",lists-plain,"maildir-zip/bpfk/cur/1721692904.3183668_3.lebna:2,S",lists-plain
bpfk,id:a0a9abf1-d48c-4fd6-b0e8-dfb920730319@googlegroups.com,a0a9abf1-d48c-4fd6-b0e8-dfb920730319@googlegroups.com,"maildir-zip/bpfk/cur/1721691936.3122957_13.lebna:2,",lists-plain,maildir-zip/bpfk/new/1721691927.3122907_51.lebna,lists-plain
bpfk,id:a97c6620-62b0-11d7-aed5-003065d4ec72@optushome.com.au,a97c6620-62b0-11d7-aed5-003065d4ec72@optushome.com.au,"maildir-zip/bpfk/cur/1721692011.3123133_5.lebna:2,S",lists-plain,"maildir-zip/bpfk/cur/1721692901.3183666_5.lebna:2,S",lists-plain
bpfk,id:aanlkti=5vnq5rbepaq2qrmwv_jxxjyiyf64fvv3m3-hi@mail.gmail.com,aanlkti=5vnq5rbepaq2qrmwv_jxxjyiyf64fvv3m3-hi@mail.gmail.com,"maildir-zip/bpfk/cur/1721692835.3172696_7.lebna:2,S",lists-plain,"maildir-zip/bpfk/cur/1721692932.3183729_111.lebna:2,S",lists-plain
bpfk,id:aanlkti==nsjpta06_xbagkxrtd+qhrubj2ambv_e4hx1@mail.gmail.com,aanlkti==nsjpta06_xbagkxrtd+qhrubj2ambv_e4hx1@mail.gmail.com,"maildir-zip/bpfk/cur/1721692835.3172695_1.lebna:2,S",lists-plain,"maildir-zip/bpfk/cur/1721692932.3183728_39.lebna:2,S",lists-plain
bpfk,id:aanlkti=chw9zaxfvn=wmglmty=9nk99ezzznkatzz7eq@mail.gmail.com,aanlkti=chw9zaxfvn=wmglmty=9nk99ezzznkatzz7eq@mail.gmail.com,"maildir-zip/bpfk/cur/1721692835.3172693_5.lebna:2,S",lists-plain,"maildir-zip/bpfk/cur/1721692929.3183726_127.lebna:2,S",lists-plain
bpfk,id:aanlkti=ci5z2jjbmteeqdjphz1ztlvtja1rndp=hf19s@mail.gmail.com,aanlkti=ci5z2jjbmteeqdjphz1ztlvtja1rndp=hf19s@mail.gmail.com,"maildir-zip/bpfk/cur/1721692835.3172694_1.lebna:2,S",lists-plain,"maildir-zip/bpfk/cur/1721692931.3183727_399.lebna:2,S",lists-plain
bpfk,id:aanlkti=h_ld+q6-cbssl-uz2ngkwuwrrkxnhnjup15pp@mail.gmail.com,aanlkti=h_ld+q6-cbssl-uz2ngkwuwrrkxnhnjup15pp@mail.gmail.com,"maildir-zip/bpfk/cur/1721692835.3172696_3.lebna:2,S",lists-plain,"maildir-zip/bpfk/cur/1721692932.3183729_3.lebna:2,S",lists-plain
bpfk,id:aanlkti=l2zfcfat1csxged_-cxqe8nzlb-ynxaq3-fca@mail.gmail.com,aanlkti=l2zfcfat1csxged_-cxqe8nzlb-ynxaq3-fca@mail.gmail.com,"maildir-zip/bpfk/cur/1721692835.3172697_1.lebna:2,S",lists-plain,"maildir-zip/bpfk/cur/1721692933.3183730_29.lebna:2,S",lists-plain
bpfk,id:aanlkti=m4myzjnum8t_duh0pagjdpkwvqaza1m190gtr@mail.gmail.com,aanlkti=m4myzjnum8t_duh0pagjdpkwvqaza1m190gtr@mail.gmail.com,"maildir-zip/bpfk/cur/1721692835.3172693_3.lebna:2,S",lists-plain,"maildir-zip/bpfk/cur/1721692929.3183726_91.lebna:2,S",lists-plain
bpfk,id:aanlkti=topejrh4c8o76h2tpjvsw6gcebmnt2pg_szqu@mail.gmail.com,aanlkti=topejrh4c8o76h2tpjvsw6gcebmnt2pg_szqu@mail.gmail.com,"maildir-zip/bpfk/cur/1721692835.3172694_9.lebna:2,S",lists-plain,"maildir-zip/bpfk/cur/1721692931.3183727_587.lebna:2,S",lists-plain
bpfk,id:aanlkti=u8lepyifvvgyrwzyfgoawrpcz9bplnj8c0=zu@mail.gmail.com,aanlkti=u8lepyifvvgyrwzyfgoawrpcz9bplnj8c0=zu@mail.gmail.com,"maildir-zip/bpfk/cur/1721692835.3172694_5.lebna:2,S",lists-plain,"maildir-zip/bpfk/cur/1721692931.3183727_557.lebna:2,S",lists-plain
bpfk,id:aanlkti=vtrkxct2nkxto1hsxqxmopuppkeqgpe3_j9ob@mail.gmail.com,aanlkti=vtrkxct2nkxto1hsxqxmopuppkeqgpe3_j9ob@mail.gmail.com,"maildir-zip/bpfk/cur/1721692835.3172694_15.lebna:2,S",lists-plain,"maildir-zip/bpfk/cur/1721692931.3183727_607.lebna:2,S",lists-plain
bpfk,id:aanlkti=w+vf44v2hkja_dp61au8zhz=zqstfm7gxxwu_@mail.gmail.com,aanlkti=w+vf44v2hkja_dp61au8zhz=zqstfm7gxxwu_@mail.gmail.com,"maildir-zip/bpfk/cur/1721692835.3172696_5.lebna:2,S",lists-plain,"maildir-zip/bpfk/cur/1721692932.3183729_99.lebna:2,S",lists-plain
bpfk,id:aanlktikyj3b1g8yugejhn0hk8wzyb3nf5-lp1-oope8k@mail.gmail.com,aanlktikyj3b1g8yugejhn0hk8wzyb3nf5-lp1-oope8k@mail.gmail.com,"maildir-zip/bpfk/cur/1721692835.3172694_19.lebna:2,S",lists-plain,"maildir-zip/bpfk/cur/1721692932.3183727_663.lebna:2,S",lists-plain
bpfk,id:aanlktim5nstw_dymxaqsngv1byym0qmhqpbgf8nyy=kz@mail.gmail.com,aanlktim5nstw_dymxaqsngv1byym0qmhqpbgf8nyy=kz@mail.gmail.com,"maildir-zip/bpfk/cur/1721692835.3172694_17.lebna:2,S",lists-plain,"maildir-zip/bpfk/cur/1721692932.3183727_661.lebna:2,S",lists-plain
bpfk,id:aanlktimh7btz7+eehkf2bdrpbezcv0bnpr_1f1-eb9rc@mail.gmail.com,aanlktimh7btz7+eehkf2bdrpbezcv0bnpr_1f1-eb9rc@mail.gmail.com,"maildir-zip/bpfk/cur/1721692835.3172693_7.lebna:2,S",lists-plain,"maildir-zip/bpfk/cur/1721692929.3183726_143.lebna:2,S",lists-plain
bpfk,id:aanlktimyxoletln5ausfeksr3m9rro4f0hl3dm4e03-_@mail.gmail.com,aanlktimyxoletln5ausfeksr3m9rro4f0hl3dm4e03-_@mail.gmail.com,"maildir-zip/bpfk/cur/1721692835.3172695_7.lebna:2,S",lists-plain,"maildir-zip/bpfk/cur/1721692932.3183728_45.lebna:2,S",lists-plain
bpfk,id:aanlktin+nk4n5clv7uqacnyfuywukkvqjfsgmckumzqs@mail.gmail.com,aanlktin+nk4n5clv7uqacnyfuywukkvqjfsgmckumzqs@mail.gmail.com,"maildir-zip/bpfk/cur/1721692835.3172696_1.lebna:2,S",lists-plain,"maildir-zip/bpfk/cur/1721692932.3183729_1.lebna:2,S",lists-plain
bpfk,id:aanlktinb6tu7bem7cktfx7pio1fs+7wfryzzqxz1nwy2@mail.gmail.com,aanlktinb6tu7bem7cktfx7pio1fs+7wfryzzqxz1nwy2@mail.gmail.com,"maildir-zip/bpfk/cur/1721692835.3172694_3.lebna:2,S",lists-plain,"maildir-zip/bpfk/cur/1721692931.3183727_405.lebna:2,S",lists-plain
bpfk,id:aanlkting2b-bc1+0ljtoh96fszqijszr+c3odwsvvaf5@mail.gmail.com,aanlkting2b-bc1+0ljtoh96fszqijszr+c3odwsvvaf5@mail.gmail.com,"maildir-zip/bpfk/cur/1721692835.3172693_1.lebna:2,S",lists-plain,"maildir-zip/bpfk/cur/1721692929.3183726_89.lebna:2,S",lists-plain
bpfk,id:aanlktinos-mvhsif-2zufxt6s_w0=0qyqnrzmu8zcieq@mail.gmail.com,aanlktinos-mvhsif-2zufxt6s_w0=0qyqnrzmu8zcieq@mail.gmail.com,"maildir-zip/bpfk/cur/1721692836.3172699_1.lebna:2,S",lists-plain,"maildir-zip/bpfk/cur/1721692934.3183732_63.lebna:2,S",lists-plain
bpfk,id:aanlktinxzvvqw9uaqr2uhncusdyxmc5lx4nmf6r=mv-i@mail.gmail.com,aanlktinxzvvqw9uaqr2uhncusdyxmc5lx4nmf6r=mv-i@mail.gmail.com,"maildir-zip/bpfk/cur/1721692835.3172693_9.lebna:2,S",lists-plain,"maildir-zip/bpfk/cur/1721692929.3183726_167.lebna:2,S",lists-plain
bpfk,id:camkwhj1wkejbcbq6msgfzwinz7+clpb60ywysgqcgwrfs7dt-q@mail.gmail.com,camkwhj1wkejbcbq6msgfzwinz7+clpb60ywysgqcgwrfs7dt-q@mail.gmail.com,"maildir-zip/bpfk/cur/1721691936.3122957_7.lebna:2,",lists-plain,maildir-zip/bpfk/new/1721691926.3122903_19.lebna,lists-plain
bpfk,id:camkwhj1zsqdebqndombzd35uvzqsfjqttffzokvdc4yyjnq3ew@mail.gmail.com,camkwhj1zsqdebqndombzd35uvzqsfjqttffzokvdc4yyjnq3ew@mail.gmail.com,"maildir-zip/bpfk/cur/1721691936.3122957_5.lebna:2,",lists-plain,maildir-zip/bpfk/new/1721691926.3122899_15.lebna,lists-plain
bpfk,id:camkwhj2ke0d9kjv833bwqkgzxtnz31v2vddkog2a0_mkosxrjg@mail.gmail.com,camkwhj2ke0d9kjv833bwqkgzxtnz31v2vddkog2a0_mkosxrjg@mail.gmail.com,"maildir-zip/bpfk/cur/1721691936.3122957_11.lebna:2,",lists-plain,maildir-zip/bpfk/new/1721691927.3122907_5.lebna,lists-plain
bpfk,id:cao7tk2cef-n3mzc4+evcgohfa5bg=vsydhz9ubdgowznb3k5gw@mail.gmail.com,cao7tk2cef-n3mzc4+evcgohfa5bg=vsydhz9ubdgowznb3k5gw@mail.gmail.com,"maildir-zip/bpfk/cur/1721691936.3122957_1.lebna:2,",lists-plain,maildir-zip/bpfk/new/1721691926.3122898_5.lebna,lists-plain
bpfk,id:e1akpjr-0006re-00@home.surreality.us,e1akpjr-0006re-00@home.surreality.us,"maildir-zip/bpfk/cur/1721692012.3123137_17.lebna:2,S",lists-plain,"maildir-zip/bpfk/cur/1721692906.3183671_1.lebna:2,S",lists-plain
bpfk,id:e5a4531d-bc5d-11d7-9438-003065d4ec72@optushome.com.au,e5a4531d-bc5d-11d7-9438-003065d4ec72@optushome.com.au,"maildir-zip/bpfk/cur/1721692012.3123135_5.lebna:2,S",lists-plain,"maildir-zip/bpfk/cur/1721692904.3183668_5.lebna:2,S",lists-plain
bpfk,id:e6663d200612172206j357fa38fvcce2f9fbb561065f@mail.gmail.com,e6663d200612172206j357fa38fvcce2f9fbb561065f@mail.gmail.com,"maildir-zip/bpfk/cur/1721692013.3123157_9.lebna:2,S",lists-plain,"maildir-zip/bpfk/cur/1721692013.3123157_7.lebna:2,S",lists-plain
bpfk,id:e6663d200612190911h5fa7692enb1cb532014e132c5@mail.gmail.com,e6663d200612190911h5fa7692enb1cb532014e132c5@mail.gmail.com,"maildir-zip/bpfk/cur/1721692013.3123157_17.lebna:2,S",lists-plain,"maildir-zip/bpfk/cur/1721692013.3123157_15.lebna:2,S",lists-plain
bpfk,id:ea6fac17-baae-11d7-a57e-003065d4ec72@optushome.com.au,ea6fac17-baae-11d7-a57e-003065d4ec72@optushome.com.au,"maildir-zip/bpfk/cur/1721692012.3123135_1.lebna:2,S",lists-plain,"maildir-zip/bpfk/cur/1721692904.3183668_1.lebna:2,S",lists-plain
bpfk,id:p05200f1abaaa09643a16@[128.250.86.174],p05200f1abaaa09643a16@[128.250.86.174],"maildir-zip/bpfk/cur/1721692011.3123133_1.lebna:2,S",lists-plain,"maildir-zip/bpfk/cur/1721692901.3183666_1.lebna:2,S",lists-plain
bpfk,id:p05200f1cbaaa0b5db077@[128.250.86.174],p05200f1cbaaa0b5db077@[128.250.86.174],"maildir-zip/bpfk/cur/1721692011.3123133_3.lebna:2,S",lists-plain,"maildir-zip/bpfk/cur/1721692901.3183666_3.lebna:2,S",lists-plain
bpfk,id:pine.lnx.4.60.0612191042060.15516@hagbart.nvg.ntnu.no,pine.lnx.4.60.0612191042060.15516@hagbart.nvg.ntnu.no,"maildir-zip/bpfk/cur/1721692013.3123157_13.lebna:2,S",lists-plain,"maildir-zip/bpfk/cur/1721692013.3123157_11.lebna:2,S",lists-plain
